park_id,open,close,actual_crowd_level,crowd_index,average_temperature
4,01/01/2019 09:00,01/01/2019 21:00,Very Busy,95,8
4,02/01/2019 08:00,02/01/2019 21:00,Very Busy,97,6
4,03/01/2019 08:00,03/01/2019 21:00,Very Busy,99,5
4,04/01/2019 08:00,04/01/2019 21:00,Very Busy,97,4
4,05/01/2019 08:00,05/01/2019 21:00,Very Busy,98,5
4,06/01/2019 08:00,06/01/2019 20:00,Moderately Busy,67,5
4,07/01/2019 09:00,07/01/2019 17:00,Moderately Quiet,48,7
4,08/01/2019 09:00,08/01/2019 17:00,Moderately Quiet,28,8
4,09/01/2019 09:00,09/01/2019 17:00,Very Quiet,11,4
4,10/01/2019 09:00,10/01/2019 17:00,Very Quiet,21,3
4,11/01/2019 09:00,11/01/2019 17:00,Very Quiet,19,6
4,12/01/2019 09:00,12/01/2019 19:00,Very Busy,97,7
4,13/01/2019 09:00,13/01/2019 18:00,Very Busy,85,11
4,14/01/2019 09:00,14/01/2019 17:00,Moderately Quiet,36,8
4,15/01/2019 09:00,15/01/2019 17:30,Very Quiet,14,7
4,16/01/2019 09:00,16/01/2019 17:30,Very Quiet,10,6
4,17/01/2019 09:00,17/01/2019 17:30,Very Quiet,10,5
4,18/01/2019 09:00,18/01/2019 17:30,Very Quiet,12,3
4,19/01/2019 09:00,19/01/2019 19:00,Very Busy,90,1
4,20/01/2019 09:00,20/01/2019 18:00,Very Busy,75,2
4,21/01/2019 09:00,21/01/2019 17:30,Moderately Quiet,37,1
4,22/01/2019 09:00,22/01/2019 17:30,Very Quiet,4,0
4,23/01/2019 09:00,23/01/2019 17:30,Very Quiet,4,1
4,24/01/2019 09:00,24/01/2019 17:30,Very Quiet,17,1
4,25/01/2019 09:00,25/01/2019 17:30,Very Quiet,10,3
4,26/01/2019 09:00,26/01/2019 19:00,Very Busy,97,8
4,27/01/2019 09:00,27/01/2019 18:00,Moderately Busy,68,5
4,28/01/2019 09:00,28/01/2019 17:30,Moderately Quiet,39,5
4,29/01/2019 09:00,29/01/2019 17:30,Very Quiet,3,2
4,30/01/2019 09:00,30/01/2019 17:30,Very Quiet,6,2
4,31/01/2019 09:00,31/01/2019 17:30,Very Quiet,6,1
4,01/02/2019 09:00,01/02/2019 17:30,Very Quiet,17,6
4,02/02/2019 09:00,02/02/2019 19:00,Very Busy,86,4
4,03/02/2019 09:00,03/02/2019 18:00,Very Busy,90,4
4,04/02/2019 09:00,04/02/2019 17:30,Moderately Quiet,31,2
4,05/02/2019 09:00,05/02/2019 18:00,Moderately Quiet,28,6
4,06/02/2019 09:00,06/02/2019 18:00,Very Quiet,12,8
4,07/02/2019 09:00,07/02/2019 18:00,Moderately Quiet,29,9
4,08/02/2019 09:00,08/02/2019 18:00,Moderately Quiet,33,9
4,09/02/2019 09:00,09/02/2019 19:00,Very Busy,91,10
4,10/02/2019 09:00,10/02/2019 18:00,Moderately Busy,67,7
4,11/02/2019 09:00,11/02/2019 18:00,Very Busy,81,7
4,12/02/2019 09:00,12/02/2019 18:00,Very Busy,79,6
4,13/02/2019 09:00,13/02/2019 18:00,Very Busy,77,5
4,14/02/2019 09:00,14/02/2019 18:00,Very Busy,87,9
4,15/02/2019 09:00,15/02/2019 18:00,Very Busy,84,12
4,16/02/2019 09:00,16/02/2019 19:00,Very Busy,99,11
4,17/02/2019 09:00,17/02/2019 18:00,Very Busy,99,14
4,18/02/2019 09:00,18/02/2019 18:00,Very Busy,95,12
4,19/02/2019 09:00,19/02/2019 18:00,Very Busy,93,9
4,20/02/2019 09:00,20/02/2019 18:00,Very Busy,88,10
4,21/02/2019 09:00,21/02/2019 18:00,Very Busy,94,13
4,22/02/2019 09:00,22/02/2019 18:00,Very Busy,91,14
4,23/02/2019 09:00,23/02/2019 19:00,Very Busy,98,12
4,24/02/2019 09:00,24/02/2019 18:00,Very Busy,94,11
4,25/02/2019 09:00,25/02/2019 18:30,Very Busy,88,14
4,26/02/2019 09:00,26/02/2019 18:30,Very Busy,87,15
4,27/02/2019 09:00,27/02/2019 18:30,Very Busy,82,17
4,28/02/2019 09:00,28/02/2019 18:30,Moderately Busy,70,12
4,01/03/2019 09:00,01/03/2019 18:30,Very Busy,82,10
4,02/03/2019 09:00,02/03/2019 19:00,Very Busy,96,10
4,03/03/2019 09:00,03/03/2019 19:00,Very Busy,86,13
4,04/03/2019 09:00,04/03/2019 18:30,Very Busy,81,8
4,05/03/2019 09:00,05/03/2019 18:30,Very Busy,88,9
4,06/03/2019 09:00,06/03/2019 18:30,Very Busy,76,11
4,07/03/2019 09:00,07/03/2019 18:30,Very Busy,91,10
4,08/03/2019 09:00,08/03/2019 18:30,Very Busy,96,10
4,09/03/2019 09:00,09/03/2019 19:00,Very Busy,99,12
4,10/03/2019 09:00,10/03/2019 19:00,Very Busy,87,11
4,11/03/2019 09:00,11/03/2019 18:30,Moderately Busy,73,7
4,12/03/2019 09:00,12/03/2019 18:30,Moderately Quiet,31,10
4,13/03/2019 09:00,13/03/2019 18:30,Moderately Quiet,26,9
4,14/03/2019 09:00,14/03/2019 18:30,Very Quiet,18,9
4,15/03/2019 09:00,15/03/2019 19:00,Moderately Busy,73,13
4,16/03/2019 09:00,16/03/2019 19:00,Very Busy,99,12
4,17/03/2019 09:00,17/03/2019 19:00,Very Busy,90,6
4,18/03/2019 09:00,18/03/2019 19:00,Very Busy,86,8
4,19/03/2019 09:00,19/03/2019 19:00,Moderately Busy,70,10
4,20/03/2019 09:00,20/03/2019 19:00,Moderately Busy,60,11
4,21/03/2019 09:00,21/03/2019 19:00,Moderately Busy,75,13
4,22/03/2019 09:00,22/03/2019 19:00,Very Busy,86,14
4,23/03/2019 09:00,23/03/2019 19:00,Very Busy,99,10
4,24/03/2019 09:00,24/03/2019 19:00,Very Busy,98,10
4,25/03/2019 09:00,25/03/2019 19:00,Very Busy,90,9
4,26/03/2019 09:00,26/03/2019 19:00,Moderately Busy,62,10
4,27/03/2019 09:00,27/03/2019 19:00,Moderately Busy,65,11
4,28/03/2019 09:00,28/03/2019 19:00,Very Busy,81,12
4,29/03/2019 09:00,29/03/2019 19:00,Very Busy,89,15
4,30/03/2019 09:00,30/03/2019 19:00,Very Busy,100,17
4,31/03/2019 08:00,31/03/2019 19:00,Moderately Busy,55,17
4,01/04/2019 08:00,01/04/2019 20:00,Very Busy,83,16
4,02/04/2019 08:00,02/04/2019 20:00,Moderately Quiet,28,12
4,03/04/2019 08:00,03/04/2019 20:00,Very Quiet,12,7
4,04/04/2019 08:00,04/04/2019 20:00,Moderately Quiet,40,9
4,05/04/2019 08:00,05/04/2019 20:00,Moderately Quiet,48,11
4,06/04/2019 08:00,06/04/2019 20:00,Very Busy,92,13
4,07/04/2019 08:00,07/04/2019 20:00,Very Busy,83,13
4,08/04/2019 08:00,08/04/2019 20:00,Very Busy,95,13
4,09/04/2019 08:00,09/04/2019 20:00,Very Busy,87,11
4,10/04/2019 08:00,10/04/2019 20:00,Moderately Busy,65,11
4,11/04/2019 08:00,11/04/2019 20:00,Very Busy,94,10
4,12/04/2019 08:00,12/04/2019 20:00,Very Busy,84,8
4,13/04/2019 08:00,13/04/2019 20:00,Very Busy,92,6
4,14/04/2019 08:00,14/04/2019 20:00,Very Busy,88,7
4,15/04/2019 08:00,15/04/2019 20:00,Very Busy,98,12
4,16/04/2019 08:00,16/04/2019 20:00,Very Busy,93,11
4,17/04/2019 08:00,17/04/2019 20:00,Very Busy,98,14
4,18/04/2019 08:00,18/04/2019 20:00,Very Busy,99,19
4,19/04/2019 08:00,19/04/2019 20:00,Very Busy,99,21
4,20/04/2019 08:00,20/04/2019 20:00,Very Busy,98,22
4,21/04/2019 08:00,21/04/2019 20:00,Very Busy,96,21
4,22/04/2019 08:00,22/04/2019 20:00,Very Busy,87,20
4,23/04/2019 08:00,23/04/2019 20:00,Very Busy,99,17
4,24/04/2019 08:00,24/04/2019 20:00,Very Busy,96,13
4,25/04/2019 08:00,25/04/2019 20:00,Very Busy,90,11
4,26/04/2019 08:00,26/04/2019 20:00,Very Busy,95,14
4,27/04/2019 08:00,27/04/2019 20:00,Very Busy,79,10
4,28/04/2019 08:00,28/04/2019 20:00,Moderately Busy,55,9
4,29/04/2019 08:00,29/04/2019 20:00,Very Busy,92,12
4,30/04/2019 08:00,30/04/2019 20:00,Very Busy,92,12
4,01/05/2019 08:00,01/05/2019 20:00,Very Busy,93,14
4,02/05/2019 08:00,02/05/2019 20:00,Very Busy,81,12
4,03/05/2019 08:00,03/05/2019 20:00,Very Busy,91,12
4,04/05/2019 08:00,04/05/2019 20:30,Moderately Busy,54,5
4,05/05/2019 08:00,05/05/2019 20:30,Moderately Quiet,32,8
4,06/05/2019 08:00,06/05/2019 20:30,Very Quiet,19,10
4,07/05/2019 08:00,07/05/2019 20:30,Very Quiet,17,13
4,08/05/2019 08:00,08/05/2019 20:30,Very Quiet,9,12
4,09/05/2019 08:00,09/05/2019 20:30,Very Quiet,23,13
4,10/05/2019 08:00,10/05/2019 20:30,Very Quiet,24,14
4,11/05/2019 08:00,11/05/2019 20:30,Moderately Busy,56,12
4,12/05/2019 08:00,12/05/2019 20:30,Moderately Busy,60,12
4,13/05/2019 08:00,13/05/2019 20:30,Moderately Quiet,48,14
4,14/05/2019 08:00,14/05/2019 20:30,Moderately Quiet,37,15
4,15/05/2019 08:00,15/05/2019 20:30,Moderately Quiet,25,15
4,16/05/2019 08:00,16/05/2019 20:30,Moderately Quiet,34,15
4,17/05/2019 08:00,17/05/2019 20:30,Moderately Quiet,37,15
4,18/05/2019 08:00,18/05/2019 21:00,Very Busy,83,15
4,19/05/2019 08:00,19/05/2019 21:00,Moderately Quiet,27,14
4,20/05/2019 08:00,20/05/2019 21:00,Moderately Quiet,32,15
4,21/05/2019 08:00,21/05/2019 21:00,Moderately Quiet,28,17
4,22/05/2019 08:00,22/05/2019 21:00,Very Quiet,22,18
4,23/05/2019 08:00,23/05/2019 21:00,Moderately Quiet,32,20
4,24/05/2019 08:00,24/05/2019 21:00,Moderately Quiet,47,19
4,25/05/2019 08:00,25/05/2019 21:00,Moderately Busy,69,17
4,26/05/2019 08:00,26/05/2019 21:00,Moderately Quiet,40,17
4,27/05/2019 08:00,27/05/2019 21:00,Moderately Busy,58,17
4,28/05/2019 08:00,28/05/2019 21:00,Moderately Quiet,38,14
4,29/05/2019 08:00,29/05/2019 21:00,Very Busy,83,17
4,30/05/2019 08:00,30/05/2019 21:00,Very Busy,89,18
4,31/05/2019 08:00,31/05/2019 21:00,Very Busy,99,21
4,01/06/2019 08:00,01/06/2019 21:00,Very Busy,93,24
4,02/06/2019 08:00,02/06/2019 21:00,Moderately Busy,55,28
4,03/06/2019 08:00,03/06/2019 21:00,Moderately Quiet,49,19
4,04/06/2019 08:00,04/06/2019 21:00,Moderately Quiet,37,22
4,05/06/2019 08:00,05/06/2019 21:00,Very Quiet,9,13
4,06/06/2019 08:00,06/06/2019 21:00,Moderately Busy,72,16
4,07/06/2019 08:00,07/06/2019 21:00,Moderately Quiet,29,14
4,08/06/2019 08:00,08/06/2019 21:00,Very Busy,97,16
4,09/06/2019 08:00,09/06/2019 21:00,Very Busy,97,16
4,10/06/2019 08:00,10/06/2019 21:00,Moderately Busy,71,15
4,11/06/2019 08:00,11/06/2019 21:00,Moderately Busy,70,14
4,12/06/2019 08:00,12/06/2019 21:00,Moderately Quiet,37,14
4,13/06/2019 08:00,13/06/2019 21:00,Moderately Quiet,40,17
4,14/06/2019 08:00,14/06/2019 21:00,Moderately Quiet,42,20
4,15/06/2019 08:00,15/06/2019 21:00,Very Busy,82,19
4,16/06/2019 08:00,16/06/2019 21:00,Moderately Quiet,39,20
4,17/06/2019 08:00,17/06/2019 21:00,Moderately Busy,73,23
4,18/06/2019 08:00,18/06/2019 21:00,Moderately Busy,66,25
4,19/06/2019 08:00,19/06/2019 21:00,Moderately Quiet,36,22
4,20/06/2019 08:00,20/06/2019 21:00,Moderately Busy,61,18
4,21/06/2019 08:00,21/06/2019 21:00,Very Busy,89,19
4,22/06/2019 08:00,22/06/2019 21:00,Very Busy,92,21
4,23/06/2019 08:00,23/06/2019 21:00,Moderately Busy,63,25
4,24/06/2019 08:00,24/06/2019 21:00,Very Busy,86,28
4,25/06/2019 08:00,25/06/2019 21:00,Very Busy,86,29
4,26/06/2019 08:00,26/06/2019 21:00,Very Busy,77,29
4,27/06/2019 08:00,27/06/2019 21:00,Moderately Quiet,33,27
4,28/06/2019 08:00,28/06/2019 21:00,Moderately Busy,66,27
4,29/06/2019 08:00,29/06/2019 21:00,Moderately Busy,72,30
4,30/06/2019 08:00,30/06/2019 21:00,Moderately Busy,69,24
4,01/07/2019 08:00,01/07/2019 21:00,Very Busy,80,21
4,02/07/2019 08:00,02/07/2019 21:00,Very Busy,82,22
4,03/07/2019 08:00,03/07/2019 21:00,Moderately Busy,74,22
4,04/07/2019 08:00,04/07/2019 21:00,Very Busy,81,23
4,05/07/2019 08:00,05/07/2019 21:00,Moderately Busy,67,26
4,06/07/2019 08:00,06/07/2019 21:00,Very Busy,85,28
4,07/07/2019 08:00,07/07/2019 21:00,Moderately Busy,64,21
4,08/07/2019 08:00,08/07/2019 21:00,Very Busy,77,20
4,09/07/2019 08:00,09/07/2019 21:00,Very Busy,77,21
4,10/07/2019 08:00,10/07/2019 21:00,Moderately Quiet,27,24
4,11/07/2019 08:00,11/07/2019 21:00,Moderately Busy,61,25
4,12/07/2019 08:00,12/07/2019 21:00,Moderately Busy,57,23
4,13/07/2019 08:00,13/07/2019 21:00,Very Busy,76,22
4,14/07/2019 08:00,14/07/2019 21:00,Moderately Quiet,47,19
4,15/07/2019 08:00,15/07/2019 21:00,Moderately Busy,68,20
4,16/07/2019 08:00,16/07/2019 21:00,Very Busy,83,22
4,17/07/2019 08:00,17/07/2019 21:00,Very Busy,83,26
4,18/07/2019 08:00,18/07/2019 21:00,Moderately Busy,74,23
4,19/07/2019 08:00,19/07/2019 21:00,Moderately Busy,67,24
4,20/07/2019 08:00,20/07/2019 21:00,Very Busy,84,24
4,21/07/2019 08:00,21/07/2019 21:00,Moderately Busy,67,24
4,22/07/2019 08:00,22/07/2019 21:00,Very Busy,79,28
4,23/07/2019 08:00,23/07/2019 21:00,Very Busy,76,33
4,24/07/2019 08:00,24/07/2019 21:00,Moderately Busy,61,35
4,25/07/2019 08:00,25/07/2019 21:00,Moderately Quiet,38,37
4,26/07/2019 08:00,26/07/2019 21:00,Moderately Busy,74,26
4,27/07/2019 08:00,27/07/2019 21:00,Moderately Busy,61,19
4,28/07/2019 08:00,28/07/2019 21:00,Very Busy,77,21
4,29/07/2019 08:00,29/07/2019 21:00,Very Busy,85,24
4,30/07/2019 08:00,30/07/2019 21:00,Very Busy,85,22
4,31/07/2019 08:00,31/07/2019 21:00,Very Busy,78,21
4,01/08/2019 08:00,01/08/2019 21:00,Very Busy,83,24
4,02/08/2019 08:00,02/08/2019 21:00,Moderately Busy,62,24
4,03/08/2019 08:00,03/08/2019 21:00,Very Busy,80,22
4,04/08/2019 08:00,04/08/2019 21:00,Moderately Busy,59,26
4,05/08/2019 08:00,05/08/2019 21:00,Very Busy,91,25
4,06/08/2019 08:00,06/08/2019 21:00,Very Busy,89,19
4,07/08/2019 08:00,07/08/2019 21:00,Very Busy,90,22
4,08/08/2019 08:00,08/08/2019 21:00,Very Busy,97,26
4,09/08/2019 08:00,09/08/2019 21:00,Moderately Quiet,49,22
4,10/08/2019 08:00,10/08/2019 21:00,Very Busy,90,23
4,11/08/2019 08:00,11/08/2019 21:00,Very Busy,80,19
4,12/08/2019 08:00,12/08/2019 21:00,Very Busy,85,18
4,13/08/2019 08:00,13/08/2019 21:00,Very Busy,99,18
4,14/08/2019 08:00,14/08/2019 21:00,Very Busy,95,21
4,15/08/2019 08:00,15/08/2019 21:00,Moderately Busy,74,20
4,16/08/2019 08:00,16/08/2019 21:00,Very Busy,91,22
4,17/08/2019 08:00,17/08/2019 21:00,Moderately Busy,52,18
4,18/08/2019 08:00,18/08/2019 21:00,Moderately Quiet,36,19
4,19/08/2019 08:00,19/08/2019 21:00,Very Busy,95,20
4,20/08/2019 08:00,20/08/2019 21:00,Very Busy,96,20
4,21/08/2019 08:00,21/08/2019 21:00,Very Busy,95,20
4,22/08/2019 08:00,22/08/2019 21:00,Very Busy,95,22
4,23/08/2019 08:00,23/08/2019 21:00,Very Busy,83,24
4,24/08/2019 08:00,24/08/2019 21:00,Very Busy,92,25
4,25/08/2019 08:00,25/08/2019 21:00,Very Busy,82,27
4,26/08/2019 08:00,26/08/2019 21:00,Very Busy,93,28
4,27/08/2019 08:00,27/08/2019 21:00,Very Busy,88,28
4,28/08/2019 08:00,28/08/2019 21:00,Very Busy,82,26
4,29/08/2019 08:00,29/08/2019 21:00,Very Busy,94,21
4,30/08/2019 08:00,30/08/2019 21:00,Very Busy,76,23
4,31/08/2019 08:00,31/08/2019 21:00,Very Busy,92,26
4,01/09/2019 08:00,01/09/2019 20:00,Moderately Busy,60,19
4,02/09/2019 08:00,02/09/2019 19:00,Very Busy,83,20
4,03/09/2019 08:00,03/09/2019 19:00,Very Busy,86,20
4,04/09/2019 08:00,04/09/2019 19:00,Very Busy,76,20
4,05/09/2019 08:00,05/09/2019 19:00,Very Busy,79,17
4,06/09/2019 08:00,06/09/2019 19:00,Very Busy,79,18
4,07/09/2019 08:00,07/09/2019 20:00,Very Busy,96,16
4,08/09/2019 08:00,08/09/2019 19:00,Very Busy,79,16
4,09/09/2019 08:00,09/09/2019 19:00,Very Busy,76,17
4,10/09/2019 08:00,10/09/2019 19:00,Moderately Busy,72,20
4,11/09/2019 08:00,11/09/2019 19:00,Moderately Busy,53,20
4,12/09/2019 08:00,12/09/2019 19:00,Moderately Busy,57,22
4,13/09/2019 08:00,13/09/2019 19:00,Moderately Quiet,40,20
4,14/09/2019 08:00,14/09/2019 20:00,Very Busy,98,22
4,15/09/2019 08:00,15/09/2019 19:00,Very Busy,90,24
4,16/09/2019 08:00,16/09/2019 18:30,Moderately Busy,55,23
4,17/09/2019 08:00,17/09/2019 18:30,Moderately Quiet,42,19
4,18/09/2019 08:00,18/09/2019 18:30,Moderately Quiet,35,17
4,19/09/2019 08:00,19/09/2019 18:30,Moderately Quiet,30,17
4,20/09/2019 08:00,20/09/2019 19:30,Moderately Quiet,49,20
4,21/09/2019 08:00,21/09/2019 20:00,Very Busy,98,24
4,22/09/2019 08:00,22/09/2019 19:00,Moderately Busy,56,18
4,23/09/2019 08:00,23/09/2019 18:30,Moderately Busy,57,19
4,24/09/2019 08:00,24/09/2019 18:30,Very Quiet,16,16
4,25/09/2019 08:00,25/09/2019 18:30,Very Quiet,13,16
4,26/09/2019 08:00,26/09/2019 18:30,Moderately Quiet,30,19
4,27/09/2019 08:00,27/09/2019 18:30,Very Busy,99,17
4,28/09/2019 08:00,28/09/2019 20:00,Very Busy,99,17
4,29/09/2019 08:00,29/09/2019 19:00,Moderately Quiet,45,17
4,30/09/2019 08:00,30/09/2019 18:00,Moderately Busy,51,17
4,01/10/2019 08:00,01/10/2019 18:00,Very Quiet,17,18
4,02/10/2019 08:00,02/10/2019 18:00,Moderately Quiet,29,14
4,03/10/2019 08:00,03/10/2019 18:00,Moderately Quiet,45,11
4,04/10/2019 08:00,04/10/2019 18:00,Very Busy,76,15
4,05/10/2019 08:00,05/10/2019 20:00,Very Busy,96,15
4,06/10/2019 08:00,06/10/2019 19:00,Moderately Busy,63,15
4,07/10/2019 08:00,07/10/2019 18:00,Very Busy,84,15
4,08/10/2019 08:00,08/10/2019 18:00,Moderately Quiet,29,14
4,09/10/2019 08:00,09/10/2019 18:00,Very Quiet,19,13
4,10/10/2019 08:00,10/10/2019 18:00,Very Busy,86,15
4,11/10/2019 08:00,11/10/2019 18:00,Very Busy,82,17
4,12/10/2019 08:00,12/10/2019 20:00,Very Busy,97,17
4,13/10/2019 08:00,13/10/2019 19:00,Very Busy,94,22
4,14/10/2019 08:00,14/10/2019 18:00,Very Busy,87,21
4,15/10/2019 08:00,15/10/2019 18:00,Very Busy,83,14
4,16/10/2019 08:00,16/10/2019 18:00,Moderately Busy,62,14
4,17/10/2019 08:00,17/10/2019 18:00,Moderately Busy,73,14
4,18/10/2019 08:00,18/10/2019 18:00,Very Busy,85,14
4,19/10/2019 08:00,19/10/2019 20:00,Very Busy,91,12
4,20/10/2019 08:00,20/10/2019 20:00,Very Busy,75,12
4,21/10/2019 08:00,21/10/2019 20:00,Very Busy,92,12
4,22/10/2019 08:00,22/10/2019 20:00,Very Busy,97,10
4,23/10/2019 08:00,23/10/2019 20:00,Very Busy,97,13
4,24/10/2019 08:00,24/10/2019 20:00,Very Busy,97,15
4,25/10/2019 08:00,25/10/2019 20:00,Very Busy,92,14
4,26/10/2019 08:00,26/10/2019 17:00,Very Busy,99,16
4,27/10/2019 09:00,27/10/2019 21:00,Very Busy,81,8
4,28/10/2019 09:00,28/10/2019 21:00,Very Busy,96,9
4,29/10/2019 09:00,29/10/2019 21:00,Very Busy,97,10
4,30/10/2019 09:00,30/10/2019 21:00,Very Busy,98,9
4,31/10/2019 09:00,31/10/2019 18:00,Very Busy,84,11
4,01/11/2019 09:00,01/11/2019 21:00,Very Busy,94,14
4,02/11/2019 09:00,02/11/2019 21:00,Very Busy,98,12
4,03/11/2019 09:00,03/11/2019 20:00,Moderately Busy,61,11
4,04/11/2019 09:00,04/11/2019 18:00,Moderately Quiet,32,12
4,05/11/2019 09:00,05/11/2019 18:00,Very Quiet,14,10
4,06/11/2019 09:00,06/11/2019 18:00,Very Quiet,16,10
4,07/11/2019 09:00,07/11/2019 18:00,Moderately Quiet,26,9
4,08/11/2019 09:00,08/11/2019 18:00,Moderately Quiet,30,7
4,09/11/2019 09:00,09/11/2019 21:00,Very Busy,93,6
4,10/11/2019 09:00,10/11/2019 20:00,Very Busy,99,6
4,11/11/2019 09:00,11/11/2019 18:00,Very Busy,85,6
4,12/11/2019 09:00,12/11/2019 18:00,Moderately Busy,57,6
4,13/11/2019 09:00,13/11/2019 18:00,Moderately Quiet,39,8
4,14/11/2019 09:00,14/11/2019 18:00,Moderately Quiet,34,6
4,15/11/2019 09:00,15/11/2019 18:00,Very Quiet,16,2
4,16/11/2019 09:00,16/11/2019 21:00,Very Busy,92,5
4,17/11/2019 09:00,17/11/2019 20:00,Very Busy,76,6
4,18/11/2019 09:00,18/11/2019 18:00,Moderately Quiet,39,7
4,19/11/2019 09:00,19/11/2019 18:00,Moderately Busy,50,7
4,20/11/2019 09:00,20/11/2019 18:00,Moderately Quiet,38,4
4,21/11/2019 09:00,21/11/2019 18:00,Moderately Quiet,44,8
4,22/11/2019 09:00,22/11/2019 18:00,Moderately Busy,55,10
4,23/11/2019 09:00,23/11/2019 21:00,Very Busy,90,8
4,24/11/2019 09:00,24/11/2019 20:00,Very Busy,81,8
4,25/11/2019 09:00,25/11/2019 18:00,Moderately Quiet,47,11
4,26/11/2019 09:00,26/11/2019 18:00,Moderately Quiet,29,11
4,27/11/2019 09:00,27/11/2019 18:00,Moderately Quiet,25,11
4,28/11/2019 09:00,28/11/2019 18:00,Moderately Quiet,30,11
4,29/11/2019 09:00,29/11/2019 18:00,Moderately Busy,51,8
4,30/11/2019 09:00,30/11/2019 21:00,Very Busy,93,5
4,01/12/2019 09:00,01/12/2019 20:00,Moderately Busy,59,3
4,02/12/2019 09:00,02/12/2019 18:00,Moderately Busy,57,4
4,03/12/2019 09:00,03/12/2019 18:00,Moderately Quiet,31,4
4,04/12/2019 09:00,04/12/2019 18:00,Moderately Quiet,29,3
4,05/12/2019 09:00,05/12/2019 18:00,Moderately Quiet,37,0
4,06/12/2019 09:00,06/12/2019 18:00,Moderately Quiet,30,4
4,07/12/2019 08:00,07/12/2019 21:00,Very Busy,86,8
4,08/12/2019 08:00,08/12/2019 20:00,Moderately Quiet,43,9
4,09/12/2019 09:00,09/12/2019 18:00,Moderately Quiet,32,7
4,10/12/2019 09:00,10/12/2019 18:00,Moderately Quiet,32,5
4,11/12/2019 09:00,11/12/2019 18:00,Very Quiet,22,7
4,12/12/2019 09:00,12/12/2019 18:00,Very Quiet,15,4
4,13/12/2019 09:00,13/12/2019 18:00,Moderately Quiet,31,6
4,14/12/2019 08:00,14/12/2019 21:00,Very Busy,86,8
4,15/12/2019 08:00,15/12/2019 20:00,Moderately Busy,62,8
4,16/12/2019 09:00,16/12/2019 18:00,Moderately Quiet,40,10
4,17/12/2019 09:00,17/12/2019 18:00,Moderately Quiet,34,12
4,18/12/2019 09:00,18/12/2019 17:00,Moderately Quiet,40,9
4,19/12/2019 09:00,19/12/2019 17:00,Moderately Quiet,47,12
4,20/12/2019 09:00,20/12/2019 18:00,Moderately Busy,57,10
4,21/12/2019 08:00,21/12/2019 21:00,Moderately Busy,59,9
4,22/12/2019 08:00,22/12/2019 21:00,Moderately Busy,59,8
4,23/12/2019 08:00,23/12/2019 21:00,Very Busy,84,8
4,24/12/2019 08:00,24/12/2019 21:00,Moderately Busy,55,10
4,25/12/2019 08:00,25/12/2019 21:00,Very Busy,83,7
4,26/12/2019 08:00,26/12/2019 21:00,Very Busy,88,7
4,27/12/2019 08:00,27/12/2019 21:00,Very Busy,96,7
4,28/12/2019 08:00,28/12/2019 21:00,Very Busy,96,3
4,29/12/2019 08:00,29/12/2019 21:00,Very Busy,93,2
4,30/12/2019 08:00,30/12/2019 21:00,Very Busy,99,2
4,31/12/2019 08:00,31/12/2019 17:30,Very Busy,89,2
5,01/01/2019 14:00,02/01/2019 02:00,Very Busy,96,25
5,02/01/2019 14:00,03/01/2019 02:00,Very Busy,99,24
5,03/01/2019 14:00,04/01/2019 02:00,Very Busy,98,25
5,04/01/2019 14:00,05/01/2019 02:00,Very Busy,97,24
5,05/01/2019 14:00,06/01/2019 02:00,Very Busy,97,17
5,06/01/2019 14:00,07/01/2019 02:00,Very Busy,90,17
5,07/01/2019 14:00,08/01/2019 02:00,Moderately Busy,64,22
5,08/01/2019 14:00,09/01/2019 02:00,Moderately Busy,61,22
5,09/01/2019 14:00,10/01/2019 02:00,Moderately Quiet,26,19
5,10/01/2019 14:00,11/01/2019 02:00,Moderately Quiet,26,12
5,11/01/2019 14:00,12/01/2019 02:00,Moderately Quiet,40,18
5,12/01/2019 14:00,13/01/2019 02:00,Very Busy,77,22
5,13/01/2019 14:00,14/01/2019 02:00,Moderately Quiet,28,23
5,14/01/2019 14:00,15/01/2019 02:00,Moderately Quiet,44,16
5,15/01/2019 14:00,16/01/2019 02:00,Moderately Busy,56,12
5,16/01/2019 14:00,17/01/2019 02:00,Moderately Quiet,32,12
5,17/01/2019 14:00,18/01/2019 02:00,Moderately Quiet,35,18
5,18/01/2019 14:00,19/01/2019 02:00,Very Busy,76,20
5,19/01/2019 14:00,20/01/2019 02:00,Very Busy,98,23
5,20/01/2019 14:00,21/01/2019 02:00,Very Busy,95,13
5,21/01/2019 14:00,22/01/2019 02:00,Very Busy,96,12
5,22/01/2019 14:00,23/01/2019 02:00,Very Busy,86,20
5,23/01/2019 14:00,24/01/2019 02:00,Moderately Busy,60,23
5,24/01/2019 14:00,25/01/2019 02:00,Moderately Busy,54,20
5,25/01/2019 14:00,26/01/2019 02:00,Moderately Busy,62,12
5,26/01/2019 14:00,27/01/2019 02:00,Very Busy,90,14
5,27/01/2019 14:00,28/01/2019 02:00,Very Quiet,11,12
5,28/01/2019 14:00,29/01/2019 02:00,Very Busy,91,11
5,29/01/2019 14:00,30/01/2019 02:00,Very Busy,80,16
5,30/01/2019 14:00,31/01/2019 02:00,Moderately Busy,53,11
5,31/01/2019 14:00,01/02/2019 02:00,Moderately Busy,66,15
5,01/02/2019 14:00,02/02/2019 02:00,Moderately Busy,65,21
5,02/02/2019 14:00,03/02/2019 02:00,Very Busy,75,22
5,03/02/2019 14:00,04/02/2019 02:00,Very Busy,79,20
5,04/02/2019 14:00,05/02/2019 02:00,Very Busy,78,17
5,05/02/2019 14:00,06/02/2019 02:00,Moderately Busy,70,21
5,06/02/2019 14:00,07/02/2019 02:00,Moderately Quiet,47,23
5,07/02/2019 14:00,08/02/2019 02:00,Moderately Busy,62,24
5,08/02/2019 14:00,09/02/2019 02:00,Moderately Busy,54,24
5,09/02/2019 14:00,10/02/2019 02:00,Very Busy,91,20
5,10/02/2019 14:00,11/02/2019 02:00,Moderately Busy,68,21
5,11/02/2019 14:00,12/02/2019 02:00,Moderately Busy,68,25
5,12/02/2019 14:00,13/02/2019 02:00,Moderately Quiet,33,25
5,13/02/2019 14:00,14/02/2019 02:00,Moderately Quiet,36,14
5,14/02/2019 14:00,15/02/2019 02:00,Moderately Busy,67,20
5,15/02/2019 14:00,16/02/2019 02:00,Very Busy,83,22
5,16/02/2019 14:00,17/02/2019 02:00,Very Busy,98,23
5,17/02/2019 14:00,18/02/2019 02:00,Very Busy,98,26
5,18/02/2019 14:00,19/02/2019 02:00,Very Busy,98,26
5,19/02/2019 14:00,20/02/2019 02:00,Very Busy,95,26
5,20/02/2019 14:00,21/02/2019 02:00,Very Busy,87,27
5,21/02/2019 14:00,22/02/2019 02:00,Very Busy,89,26
5,22/02/2019 14:00,23/02/2019 02:00,Very Busy,84,27
5,23/02/2019 14:00,24/02/2019 02:00,Very Busy,86,28
5,24/02/2019 14:00,25/02/2019 02:00,Moderately Busy,72,27
5,25/02/2019 14:00,26/02/2019 02:00,Very Busy,83,20
5,26/02/2019 14:00,27/02/2019 02:00,Moderately Busy,60,21
5,27/02/2019 14:00,28/02/2019 02:00,Moderately Quiet,42,23
5,28/02/2019 14:00,01/03/2019 02:00,Very Busy,86,23
5,01/03/2019 14:00,02/03/2019 02:00,Moderately Quiet,46,24
5,02/03/2019 14:00,03/03/2019 02:00,Very Busy,87,27
5,03/03/2019 14:00,04/03/2019 02:00,Very Busy,91,27
5,04/03/2019 14:00,05/03/2019 02:00,Very Busy,87,25
5,05/03/2019 14:00,06/03/2019 02:00,Very Busy,91,13
5,06/03/2019 14:00,07/03/2019 02:00,Very Busy,96,13
5,07/03/2019 14:00,08/03/2019 02:00,Very Busy,94,19
5,08/03/2019 14:00,09/03/2019 02:00,Very Busy,81,23
5,09/03/2019 14:00,10/03/2019 02:00,Very Busy,91,25
5,10/03/2019 13:00,11/03/2019 01:00,Very Busy,89,26
5,11/03/2019 13:00,12/03/2019 01:00,Very Busy,97,26
5,12/03/2019 13:00,13/03/2019 01:00,Very Busy,98,21
5,13/03/2019 13:00,14/03/2019 01:00,Very Busy,95,23
5,14/03/2019 13:00,15/03/2019 01:00,Very Busy,93,25
5,15/03/2019 13:00,16/03/2019 01:00,Moderately Busy,72,27
5,16/03/2019 13:00,17/03/2019 01:00,Very Busy,91,23
5,17/03/2019 13:00,18/03/2019 01:00,Very Busy,94,19
5,18/03/2019 13:00,19/03/2019 01:00,Very Busy,96,18
5,19/03/2019 13:00,20/03/2019 01:00,Very Busy,94,17
5,20/03/2019 13:00,21/03/2019 01:00,Very Busy,97,20
5,21/03/2019 13:00,22/03/2019 01:00,Very Busy,95,21
5,22/03/2019 13:00,23/03/2019 01:00,Very Busy,94,21
5,23/03/2019 13:00,24/03/2019 01:00,Very Busy,96,22
5,24/03/2019 13:00,25/03/2019 01:00,Very Busy,96,24
5,25/03/2019 13:00,26/03/2019 01:00,Very Busy,93,25
5,26/03/2019 13:00,27/03/2019 01:00,Very Busy,98,24
5,27/03/2019 13:00,28/03/2019 01:00,Very Busy,93,18
5,28/03/2019 13:00,29/03/2019 01:00,Very Busy,94,23
5,29/03/2019 13:00,30/03/2019 01:00,Very Busy,88,23
5,30/03/2019 13:00,31/03/2019 01:00,Very Busy,94,25
5,31/03/2019 13:00,01/04/2019 01:00,Very Busy,87,26
5,01/04/2019 13:00,02/04/2019 01:00,Very Busy,89,19
5,02/04/2019 13:00,03/04/2019 01:00,Very Busy,95,21
5,03/04/2019 13:00,04/04/2019 01:00,Very Busy,81,22
5,04/04/2019 13:00,05/04/2019 01:00,Moderately Busy,71,25
5,05/04/2019 13:00,06/04/2019 01:00,Moderately Busy,65,25
5,06/04/2019 13:00,07/04/2019 01:00,Very Busy,87,28
5,07/04/2019 13:00,08/04/2019 01:00,Moderately Busy,61,27
5,08/04/2019 13:00,09/04/2019 01:00,Moderately Quiet,37,27
5,09/04/2019 13:00,10/04/2019 01:00,Moderately Quiet,34,26
5,10/04/2019 13:00,11/04/2019 01:00,Moderately Quiet,35,25
5,11/04/2019 13:00,12/04/2019 01:00,Moderately Quiet,48,27
5,12/04/2019 13:00,13/04/2019 01:00,Very Busy,75,28
5,13/04/2019 13:00,14/04/2019 01:00,Very Busy,79,29
5,14/04/2019 13:00,15/04/2019 01:00,Very Busy,90,27
5,15/04/2019 13:00,16/04/2019 01:00,Very Busy,92,23
5,16/04/2019 13:00,17/04/2019 01:00,Very Busy,95,25
5,17/04/2019 13:00,18/04/2019 01:00,Very Busy,90,26
5,18/04/2019 13:00,19/04/2019 01:00,Very Busy,89,28
5,19/04/2019 13:00,20/04/2019 01:00,Very Busy,84,24
5,20/04/2019 13:00,21/04/2019 01:00,Very Busy,92,22
5,21/04/2019 13:00,22/04/2019 01:00,Very Busy,82,22
5,22/04/2019 13:00,23/04/2019 01:00,Very Busy,75,25
5,23/04/2019 13:00,24/04/2019 01:00,Very Busy,91,26
5,24/04/2019 13:00,25/04/2019 01:00,Moderately Busy,63,26
5,25/04/2019 13:00,26/04/2019 01:00,Moderately Busy,71,27
5,26/04/2019 13:00,27/04/2019 01:00,Moderately Busy,63,26
5,27/04/2019 13:00,28/04/2019 01:00,Very Busy,93,27
5,28/04/2019 13:00,29/04/2019 01:00,Moderately Busy,64,28
5,29/04/2019 13:00,30/04/2019 01:00,Moderately Quiet,47,27
5,30/04/2019 13:00,01/05/2019 01:00,Moderately Busy,51,28
5,01/05/2019 13:00,02/05/2019 01:00,Moderately Busy,55,27
5,02/05/2019 13:00,03/05/2019 01:00,Moderately Quiet,46,26
5,03/05/2019 13:00,04/05/2019 01:00,Moderately Quiet,44,28
5,04/05/2019 13:00,05/05/2019 01:00,Very Busy,91,27
5,05/05/2019 13:00,06/05/2019 01:00,Very Busy,76,25
5,06/05/2019 13:00,07/05/2019 01:00,Very Busy,78,28
5,07/05/2019 13:00,08/05/2019 01:00,Moderately Busy,61,29
5,08/05/2019 13:00,09/05/2019 01:00,Moderately Busy,58,28
5,09/05/2019 13:00,10/05/2019 01:00,Moderately Busy,54,27
5,10/05/2019 13:00,11/05/2019 01:00,Moderately Quiet,40,29
5,11/05/2019 13:00,12/05/2019 01:00,Very Busy,85,30
5,12/05/2019 13:00,13/05/2019 01:00,Very Busy,82,29
5,13/05/2019 13:00,14/05/2019 01:00,Moderately Busy,50,24
5,14/05/2019 13:00,15/05/2019 01:00,Very Busy,78,25
5,15/05/2019 13:00,16/05/2019 01:00,Moderately Busy,74,26
5,16/05/2019 13:00,17/05/2019 01:00,Very Busy,77,27
5,17/05/2019 13:00,18/05/2019 01:00,Moderately Busy,62,28
5,18/05/2019 13:00,19/05/2019 01:00,Very Busy,90,28
5,19/05/2019 13:00,20/05/2019 01:00,Very Busy,78,29
5,20/05/2019 13:00,21/05/2019 01:00,Moderately Busy,71,30
5,21/05/2019 13:00,22/05/2019 01:00,Moderately Busy,59,30
5,22/05/2019 13:00,23/05/2019 01:00,Very Quiet,22,29
5,23/05/2019 13:00,24/05/2019 01:00,Moderately Quiet,49,29
5,24/05/2019 13:00,25/05/2019 01:00,Moderately Quiet,47,29
5,25/05/2019 13:00,26/05/2019 01:00,Very Busy,92,30
5,26/05/2019 13:00,27/05/2019 01:00,Very Busy,98,30
5,27/05/2019 13:00,28/05/2019 01:00,Very Busy,94,31
5,28/05/2019 13:00,29/05/2019 01:00,Very Busy,92,32
5,29/05/2019 13:00,30/05/2019 01:00,Very Busy,81,31
5,30/05/2019 13:00,31/05/2019 01:00,Very Busy,88,31
5,31/05/2019 13:00,01/06/2019 01:00,Very Busy,76,31
5,01/06/2019 13:00,02/06/2019 01:00,Very Busy,83,30
5,02/06/2019 13:00,03/06/2019 01:00,Very Busy,89,31
5,03/06/2019 13:00,04/06/2019 01:00,Very Busy,89,30
5,04/06/2019 13:00,05/06/2019 01:00,Very Busy,76,31
5,05/06/2019 13:00,06/06/2019 01:00,Very Busy,89,30
5,06/06/2019 13:00,07/06/2019 01:00,Very Busy,88,28
5,07/06/2019 13:00,08/06/2019 01:00,Moderately Quiet,44,30
5,08/06/2019 13:00,09/06/2019 01:00,Moderately Busy,65,27
5,09/06/2019 13:00,10/06/2019 01:00,Moderately Busy,69,27
5,10/06/2019 13:00,11/06/2019 01:00,Very Busy,76,26
5,11/06/2019 13:00,12/06/2019 01:00,Very Busy,97,28
5,12/06/2019 13:00,13/06/2019 01:00,Moderately Busy,62,28
5,13/06/2019 13:00,14/06/2019 01:00,Moderately Busy,62,26
5,14/06/2019 13:00,15/06/2019 01:00,Moderately Busy,60,28
5,15/06/2019 13:00,16/06/2019 01:00,Moderately Busy,57,29
5,16/06/2019 13:00,17/06/2019 01:00,Moderately Quiet,34,27
5,17/06/2019 13:00,18/06/2019 01:00,Moderately Busy,52,27
5,18/06/2019 13:00,19/06/2019 01:00,Very Busy,75,27
5,19/06/2019 13:00,20/06/2019 01:00,Moderately Quiet,46,26
5,20/06/2019 13:00,21/06/2019 01:00,Moderately Busy,67,31
5,21/06/2019 13:00,22/06/2019 01:00,Moderately Quiet,36,32
5,22/06/2019 13:00,23/06/2019 01:00,Very Busy,79,31
5,23/06/2019 13:00,24/06/2019 01:00,Moderately Busy,60,32
5,24/06/2019 13:00,25/06/2019 01:00,Moderately Busy,61,33
5,25/06/2019 13:00,26/06/2019 01:00,Very Busy,94,33
5,26/06/2019 13:00,27/06/2019 01:00,Moderately Busy,66,33
5,27/06/2019 13:00,28/06/2019 01:00,Moderately Busy,66,31
5,28/06/2019 13:00,29/06/2019 01:00,Moderately Busy,71,30
5,29/06/2019 13:00,30/06/2019 01:00,Moderately Busy,71,27
5,30/06/2019 13:00,01/07/2019 01:00,Moderately Busy,66,31
5,01/07/2019 13:00,02/07/2019 01:00,Moderately Busy,53,32
5,02/07/2019 13:00,03/07/2019 01:00,Moderately Busy,56,32
5,03/07/2019 13:00,04/07/2019 01:00,Moderately Busy,57,32
5,04/07/2019 13:00,05/07/2019 01:00,Very Busy,90,30
5,05/07/2019 13:00,06/07/2019 01:00,Moderately Busy,58,31
5,06/07/2019 13:00,07/07/2019 01:00,Moderately Quiet,44,28
5,07/07/2019 13:00,08/07/2019 01:00,Moderately Busy,64,27
5,08/07/2019 13:00,09/07/2019 01:00,Moderately Busy,72,29
5,09/07/2019 13:00,10/07/2019 01:00,Very Busy,91,29
5,10/07/2019 13:00,11/07/2019 01:00,Moderately Busy,73,30
5,11/07/2019 13:00,12/07/2019 01:00,Very Busy,80,28
5,12/07/2019 13:00,13/07/2019 01:00,Moderately Busy,64,28
5,13/07/2019 13:00,14/07/2019 01:00,Moderately Quiet,50,29
5,14/07/2019 13:00,15/07/2019 01:00,Moderately Quiet,41,32
5,15/07/2019 13:00,16/07/2019 01:00,Moderately Busy,75,30
5,16/07/2019 13:00,17/07/2019 01:00,Very Busy,93,31
5,17/07/2019 13:00,18/07/2019 01:00,Moderately Quiet,46,31
5,18/07/2019 13:00,19/07/2019 01:00,Very Busy,75,29
5,19/07/2019 13:00,20/07/2019 01:00,Moderately Quiet,37,31
5,20/07/2019 13:00,21/07/2019 01:00,Moderately Quiet,49,29
5,21/07/2019 13:00,22/07/2019 01:00,Moderately Quiet,35,28
5,22/07/2019 13:00,23/07/2019 01:00,Moderately Busy,59,30
5,23/07/2019 13:00,24/07/2019 01:00,Very Busy,89,28
5,24/07/2019 13:00,25/07/2019 01:00,Moderately Busy,73,27
5,25/07/2019 13:00,26/07/2019 01:00,Very Busy,76,25
5,26/07/2019 13:00,27/07/2019 01:00,Moderately Busy,72,27
5,27/07/2019 13:00,28/07/2019 01:00,Moderately Quiet,50,29
5,28/07/2019 13:00,29/07/2019 01:00,Moderately Busy,61,30
5,29/07/2019 13:00,30/07/2019 01:00,Very Busy,78,30
5,30/07/2019 13:00,31/07/2019 01:00,Very Busy,90,30
5,31/07/2019 13:00,01/08/2019 01:00,Moderately Quiet,43,29
5,01/08/2019 13:00,02/08/2019 01:00,Moderately Busy,68,27
5,02/08/2019 13:00,03/08/2019 01:00,Moderately Quiet,38,28
5,03/08/2019 13:00,04/08/2019 01:00,Very Busy,77,28
5,04/08/2019 13:00,05/08/2019 01:00,Moderately Busy,67,30
5,05/08/2019 13:00,06/08/2019 01:00,Moderately Busy,71,28
5,06/08/2019 13:00,07/08/2019 01:00,Very Busy,96,28
5,07/08/2019 13:00,08/08/2019 01:00,Moderately Busy,73,28
5,08/08/2019 13:00,09/08/2019 01:00,Moderately Busy,70,31
5,09/08/2019 13:00,10/08/2019 01:00,Very Busy,77,30
5,10/08/2019 13:00,11/08/2019 01:00,Very Busy,86,30
5,11/08/2019 13:00,12/08/2019 01:00,Moderately Busy,62,31
5,12/08/2019 13:00,13/08/2019 01:00,Very Busy,83,29
5,13/08/2019 13:00,14/08/2019 01:00,Very Busy,85,29
5,14/08/2019 13:00,15/08/2019 01:00,Very Busy,75,29
5,15/08/2019 13:00,16/08/2019 01:00,Very Busy,82,28
5,16/08/2019 13:00,17/08/2019 01:00,Very Busy,76,27
5,17/08/2019 13:00,18/08/2019 01:00,Very Busy,84,29
5,18/08/2019 13:00,19/08/2019 01:00,Very Busy,77,31
5,19/08/2019 13:00,20/08/2019 01:00,Very Busy,80,30
5,20/08/2019 13:00,21/08/2019 01:00,Very Busy,83,30
5,21/08/2019 13:00,22/08/2019 01:00,Moderately Busy,54,31
5,22/08/2019 13:00,23/08/2019 01:00,Moderately Busy,65,31
5,23/08/2019 13:00,24/08/2019 01:00,Moderately Busy,70,29
5,24/08/2019 13:00,25/08/2019 01:00,Moderately Busy,66,31
5,25/08/2019 13:00,26/08/2019 01:00,Moderately Busy,50,31
5,26/08/2019 13:00,27/08/2019 01:00,Moderately Quiet,28,30
5,27/08/2019 13:00,28/08/2019 01:00,Moderately Quiet,41,30
5,28/08/2019 13:00,29/08/2019 01:00,Very Quiet,8,30
5,29/08/2019 13:00,30/08/2019 01:00,Very Quiet,15,31
5,30/08/2019 13:00,31/08/2019 02:00,Very Quiet,15,29
5,31/08/2019 13:00,01/09/2019 02:00,Very Quiet,13,30
5,01/09/2019 13:00,02/09/2019 01:00,Very Quiet,13,30
5,02/09/2019 13:00,03/09/2019 01:00,Very Quiet,8,29
5,03/09/2019 13:00,04/09/2019 01:00,Very Quiet,6,28
5,04/09/2019 13:00,05/09/2019 01:00,Very Quiet,5,29
5,05/09/2019 13:00,06/09/2019 01:00,Very Quiet,2,32
5,06/09/2019 13:00,07/09/2019 02:00,Very Quiet,7,32
5,07/09/2019 13:00,08/09/2019 02:00,Moderately Quiet,45,31
5,08/09/2019 13:00,09/09/2019 01:00,Moderately Quiet,26,32
5,09/09/2019 13:00,10/09/2019 01:00,Very Quiet,19,32
5,10/09/2019 13:00,11/09/2019 01:00,Moderately Quiet,28,31
5,11/09/2019 13:00,12/09/2019 01:00,Very Quiet,14,30
5,12/09/2019 13:00,13/09/2019 01:00,Very Quiet,12,30
5,13/09/2019 13:00,14/09/2019 02:00,Moderately Quiet,28,29
5,14/09/2019 13:00,15/09/2019 02:00,Moderately Busy,64,29
5,15/09/2019 13:00,16/09/2019 01:00,Moderately Quiet,48,29
5,16/09/2019 13:00,17/09/2019 01:00,Moderately Quiet,26,31
5,17/09/2019 13:00,18/09/2019 01:00,Very Quiet,23,32
5,18/09/2019 13:00,19/09/2019 01:00,Very Quiet,13,29
5,19/09/2019 13:00,20/09/2019 01:00,Moderately Quiet,27,28
5,20/09/2019 13:00,21/09/2019 02:00,Moderately Quiet,40,27
5,21/09/2019 13:00,22/09/2019 02:00,Very Busy,75,28
5,22/09/2019 13:00,23/09/2019 01:00,Moderately Busy,69,28
5,23/09/2019 13:00,24/09/2019 01:00,Moderately Quiet,46,28
5,24/09/2019 13:00,25/09/2019 01:00,Moderately Quiet,44,29
5,25/09/2019 13:00,26/09/2019 01:00,Very Quiet,16,30
5,26/09/2019 13:00,27/09/2019 01:00,Moderately Quiet,33,30
5,27/09/2019 13:00,28/09/2019 02:00,Moderately Busy,56,30
5,28/09/2019 13:00,29/09/2019 02:00,Very Busy,88,29
5,29/09/2019 13:00,30/09/2019 01:00,Very Busy,78,29
5,30/09/2019 13:00,01/10/2019 01:00,Moderately Busy,68,30
5,01/10/2019 13:00,02/10/2019 01:00,Moderately Quiet,29,29
5,02/10/2019 13:00,03/10/2019 01:00,Very Quiet,16,30
5,03/10/2019 13:00,04/10/2019 01:00,Very Quiet,20,29
5,04/10/2019 13:00,05/10/2019 02:00,Moderately Quiet,45,30
5,05/10/2019 13:00,06/10/2019 02:00,Very Busy,85,29
5,06/10/2019 13:00,07/10/2019 01:00,Very Busy,79,28
5,07/10/2019 13:00,08/10/2019 01:00,Moderately Busy,70,27
5,08/10/2019 13:00,09/10/2019 01:00,Very Busy,75,26
5,09/10/2019 13:00,10/10/2019 01:00,Moderately Quiet,48,25
5,10/10/2019 13:00,11/10/2019 01:00,Very Busy,86,27
5,11/10/2019 13:00,12/10/2019 02:00,Very Busy,87,28
5,12/10/2019 13:00,13/10/2019 02:00,Very Busy,91,27
5,13/10/2019 13:00,14/10/2019 01:00,Very Busy,96,28
5,14/10/2019 13:00,15/10/2019 01:00,Very Busy,95,29
5,15/10/2019 13:00,16/10/2019 01:00,Very Busy,84,28
5,16/10/2019 13:00,17/10/2019 01:00,Moderately Quiet,31,28
5,17/10/2019 13:00,18/10/2019 01:00,Moderately Busy,66,27
5,18/10/2019 13:00,19/10/2019 02:00,Very Busy,87,25
5,19/10/2019 13:00,20/10/2019 02:00,Moderately Busy,50,26
5,20/10/2019 13:00,21/10/2019 01:00,Very Busy,79,29
5,21/10/2019 13:00,22/10/2019 01:00,Moderately Busy,58,28
5,22/10/2019 13:00,23/10/2019 01:00,Moderately Busy,65,29
5,23/10/2019 13:00,24/10/2019 01:00,Moderately Quiet,28,25
5,24/10/2019 13:00,25/10/2019 01:00,Moderately Busy,50,28
5,25/10/2019 13:00,26/10/2019 02:00,Moderately Busy,72,26
5,26/10/2019 13:00,27/10/2019 02:00,Very Busy,89,28
5,27/10/2019 13:00,28/10/2019 01:00,Moderately Busy,70,29
5,28/10/2019 13:00,29/10/2019 01:00,Moderately Quiet,40,30
5,29/10/2019 13:00,30/10/2019 01:00,Moderately Quiet,45,30
5,30/10/2019 13:00,31/10/2019 01:00,Very Quiet,21,29
5,31/10/2019 13:00,01/11/2019 01:00,Very Quiet,15,30
5,01/11/2019 13:00,02/11/2019 02:00,Moderately Quiet,43,23
5,02/11/2019 13:00,03/11/2019 02:00,Moderately Busy,64,26
5,03/11/2019 14:00,04/11/2019 02:00,Moderately Busy,67,24
5,04/11/2019 14:00,05/11/2019 02:00,Moderately Busy,72,26
5,05/11/2019 14:00,06/11/2019 02:00,Very Busy,80,27
5,06/11/2019 14:00,07/11/2019 02:00,Moderately Busy,58,26
5,07/11/2019 14:00,08/11/2019 02:00,Moderately Busy,60,28
5,08/11/2019 14:00,09/11/2019 03:00,Moderately Busy,68,24
5,09/11/2019 14:00,10/11/2019 03:00,Very Busy,93,21
5,10/11/2019 14:00,11/11/2019 02:00,Very Busy,90,23
5,11/11/2019 14:00,12/11/2019 02:00,Very Busy,89,25
5,12/11/2019 14:00,13/11/2019 02:00,Moderately Busy,73,26
5,13/11/2019 14:00,14/11/2019 02:00,Moderately Quiet,40,18
5,14/11/2019 14:00,15/11/2019 02:00,Moderately Busy,60,24
5,15/11/2019 14:00,16/11/2019 03:00,Moderately Busy,67,19
5,16/11/2019 14:00,17/11/2019 03:00,Very Busy,84,14
5,17/11/2019 14:00,18/11/2019 02:00,Very Busy,82,12
5,18/11/2019 14:00,19/11/2019 02:00,Moderately Quiet,45,19
5,19/11/2019 14:00,20/11/2019 02:00,Moderately Busy,61,18
5,20/11/2019 14:00,21/11/2019 02:00,Moderately Quiet,29,20
5,21/11/2019 14:00,22/11/2019 02:00,Moderately Quiet,35,22
5,22/11/2019 14:00,23/11/2019 03:00,Moderately Busy,61,23
5,23/11/2019 14:00,24/11/2019 03:00,Very Busy,89,23
5,24/11/2019 14:00,25/11/2019 02:00,Very Busy,93,19
5,25/11/2019 14:00,26/11/2019 02:00,Very Busy,96,16
5,26/11/2019 14:00,27/11/2019 02:00,Very Busy,98,19
5,27/11/2019 14:00,28/11/2019 02:00,Very Busy,96,22
5,28/11/2019 14:00,29/11/2019 02:00,Very Busy,95,23
5,29/11/2019 14:00,30/11/2019 02:30,Very Busy,97,23
5,30/11/2019 14:00,01/12/2019 02:30,Very Busy,89,23
5,01/12/2019 14:00,02/12/2019 02:30,Moderately Busy,55,25
5,02/12/2019 14:00,03/12/2019 02:30,Very Busy,84,15
5,03/12/2019 14:00,04/12/2019 02:30,Very Busy,76,12
5,04/12/2019 14:00,05/12/2019 02:30,Very Quiet,20,15
5,05/12/2019 13:00,06/12/2019 02:30,Moderately Busy,54,16
5,06/12/2019 14:00,07/12/2019 02:30,Very Busy,78,20
5,07/12/2019 14:00,08/12/2019 02:30,Very Busy,81,21
5,08/12/2019 14:00,09/12/2019 02:30,Moderately Busy,73,23
5,09/12/2019 14:00,10/12/2019 02:30,Moderately Busy,51,24
5,10/12/2019 14:00,11/12/2019 02:30,Moderately Busy,65,26
5,11/12/2019 14:00,12/12/2019 02:30,Very Quiet,24,21
5,12/12/2019 14:00,13/12/2019 02:30,Moderately Quiet,36,22
5,13/12/2019 14:00,14/12/2019 02:30,Moderately Busy,62,22
5,14/12/2019 14:00,15/12/2019 02:30,Very Busy,85,20
5,15/12/2019 14:00,16/12/2019 02:30,Very Busy,92,20
5,16/12/2019 14:00,17/12/2019 02:30,Moderately Busy,54,25
5,17/12/2019 14:00,18/12/2019 02:30,Very Busy,80,25
5,18/12/2019 14:00,19/12/2019 02:30,Moderately Busy,65,12
5,19/12/2019 14:00,20/12/2019 02:30,Very Busy,77,17
5,20/12/2019 14:00,21/12/2019 02:30,Moderately Busy,58,20
5,21/12/2019 14:00,22/12/2019 02:30,Very Busy,85,21
5,22/12/2019 14:00,23/12/2019 02:30,Moderately Busy,71,21
5,23/12/2019 14:00,24/12/2019 02:30,Very Busy,98,18
5,24/12/2019 14:00,25/12/2019 02:30,Very Busy,99,16
5,25/12/2019 14:00,26/12/2019 02:30,Very Busy,97,23
5,26/12/2019 14:00,27/12/2019 02:30,Very Busy,99,23
5,27/12/2019 14:00,28/12/2019 02:30,Very Busy,98,23
5,28/12/2019 14:00,29/12/2019 02:30,Very Busy,99,23
5,29/12/2019 14:00,30/12/2019 02:30,Very Busy,99,24
5,30/12/2019 14:00,31/12/2019 02:30,Very Busy,99,24
5,31/12/2019 13:00,01/01/2020 06:00,Very Busy,99,16
6,01/01/2019 14:00,02/01/2019 04:00,Very Busy,79,24
6,02/01/2019 14:00,03/01/2019 04:00,Very Busy,99,24
6,03/01/2019 14:00,04/01/2019 04:00,Very Busy,99,24
6,04/01/2019 14:00,05/01/2019 04:00,Very Busy,97,23
6,05/01/2019 14:00,06/01/2019 04:00,Very Busy,97,16
6,06/01/2019 14:00,07/01/2019 02:00,Very Busy,78,17
6,07/01/2019 14:00,08/01/2019 01:00,Moderately Busy,61,22
6,08/01/2019 14:00,09/01/2019 01:00,Moderately Busy,55,22
6,09/01/2019 14:00,10/01/2019 02:00,Moderately Quiet,46,19
6,10/01/2019 14:00,11/01/2019 01:00,Moderately Quiet,35,12
6,11/01/2019 14:00,12/01/2019 02:00,Moderately Quiet,26,18
6,12/01/2019 14:00,13/01/2019 04:00,Moderately Quiet,47,21
6,13/01/2019 14:00,14/01/2019 02:00,Very Quiet,8,23
6,14/01/2019 14:00,15/01/2019 02:00,Very Quiet,23,16
6,15/01/2019 14:00,16/01/2019 01:00,Moderately Quiet,27,12
6,16/01/2019 14:00,17/01/2019 01:00,Moderately Quiet,43,13
6,17/01/2019 14:00,18/01/2019 01:00,Moderately Quiet,46,18
6,18/01/2019 14:00,19/01/2019 02:00,Moderately Busy,71,20
6,19/01/2019 14:00,20/01/2019 04:00,Very Busy,93,22
6,20/01/2019 14:00,21/01/2019 03:00,Very Busy,85,13
6,21/01/2019 14:00,22/01/2019 02:00,Moderately Busy,68,12
6,22/01/2019 14:00,23/01/2019 01:00,Very Busy,90,20
6,23/01/2019 14:00,24/01/2019 01:00,Moderately Busy,62,23
6,24/01/2019 14:00,25/01/2019 01:00,Very Quiet,13,20
6,25/01/2019 14:00,26/01/2019 02:00,Moderately Busy,63,12
6,26/01/2019 14:00,27/01/2019 04:00,Very Busy,86,14
6,27/01/2019 14:00,28/01/2019 01:00,Very Quiet,1,12
6,28/01/2019 14:00,29/01/2019 01:00,Very Busy,82,11
6,29/01/2019 14:00,30/01/2019 01:00,Moderately Busy,68,16
6,30/01/2019 14:00,31/01/2019 01:00,Moderately Quiet,46,11
6,31/01/2019 14:00,01/02/2019 01:00,Moderately Quiet,49,15
6,01/02/2019 14:00,02/02/2019 02:00,Moderately Quiet,40,21
6,02/02/2019 14:00,03/02/2019 04:00,Very Busy,78,21
6,03/02/2019 14:00,04/02/2019 02:00,Moderately Busy,63,20
6,04/02/2019 14:00,05/02/2019 02:00,Moderately Busy,73,17
6,05/02/2019 14:00,06/02/2019 01:00,Moderately Busy,68,21
6,06/02/2019 14:00,07/02/2019 01:00,Moderately Busy,52,24
6,07/02/2019 14:00,08/02/2019 01:00,Moderately Busy,55,24
6,08/02/2019 14:00,09/02/2019 03:00,Moderately Busy,58,24
6,09/02/2019 14:00,10/02/2019 04:00,Moderately Busy,74,20
6,10/02/2019 14:00,11/02/2019 02:00,Moderately Busy,50,21
6,11/02/2019 14:00,12/02/2019 01:00,Moderately Busy,72,25
6,12/02/2019 14:00,13/02/2019 01:00,Moderately Quiet,35,25
6,13/02/2019 14:00,14/02/2019 01:00,Moderately Quiet,31,14
6,14/02/2019 14:00,15/02/2019 02:00,Very Busy,77,20
6,15/02/2019 14:00,16/02/2019 03:00,Very Busy,90,22
6,16/02/2019 13:00,17/02/2019 04:00,Very Busy,95,22
6,17/02/2019 14:00,18/02/2019 04:00,Very Busy,96,26
6,18/02/2019 14:00,19/02/2019 03:00,Very Busy,87,26
6,19/02/2019 14:00,20/02/2019 03:00,Very Busy,86,26
6,20/02/2019 14:00,21/02/2019 03:00,Very Busy,94,27
6,21/02/2019 14:00,22/02/2019 02:00,Very Busy,81,26
6,22/02/2019 14:00,23/02/2019 02:00,Moderately Busy,68,27
6,23/02/2019 14:00,24/02/2019 04:00,Very Busy,75,28
6,24/02/2019 14:00,25/02/2019 02:00,Moderately Quiet,26,27
6,25/02/2019 14:00,26/02/2019 02:00,Very Busy,79,21
6,26/02/2019 14:00,27/02/2019 02:00,Moderately Busy,60,21
6,27/02/2019 14:00,28/02/2019 01:00,Moderately Busy,54,23
6,28/02/2019 14:00,01/03/2019 01:00,Moderately Busy,68,23
6,01/03/2019 14:00,02/03/2019 02:00,Moderately Busy,71,24
6,02/03/2019 14:00,03/03/2019 04:00,Very Busy,86,26
6,03/03/2019 14:00,04/03/2019 03:00,Very Busy,76,26
6,04/03/2019 14:00,05/03/2019 03:00,Very Busy,77,25
6,05/03/2019 14:00,06/03/2019 02:00,Very Busy,88,13
6,06/03/2019 14:00,07/03/2019 02:00,Very Busy,93,13
6,07/03/2019 14:00,08/03/2019 02:00,Very Busy,88,19
6,08/03/2019 14:00,09/03/2019 03:00,Very Busy,81,23
6,09/03/2019 14:00,10/03/2019 04:00,Very Busy,86,25
6,10/03/2019 13:00,11/03/2019 02:00,Very Busy,78,26
6,11/03/2019 13:00,12/03/2019 02:00,Very Busy,94,26
6,12/03/2019 13:00,13/03/2019 03:00,Very Busy,97,21
6,13/03/2019 13:00,14/03/2019 03:00,Very Busy,99,23
6,14/03/2019 13:00,15/03/2019 03:00,Very Busy,87,24
6,15/03/2019 13:00,16/03/2019 03:00,Very Busy,83,26
6,16/03/2019 13:00,17/03/2019 03:00,Moderately Busy,73,22
6,17/03/2019 13:00,18/03/2019 02:00,Very Busy,78,18
6,18/03/2019 13:00,19/03/2019 02:00,Very Busy,98,18
6,19/03/2019 13:00,20/03/2019 02:00,Moderately Busy,69,17
6,20/03/2019 13:00,21/03/2019 02:00,Very Busy,97,20
6,21/03/2019 13:00,22/03/2019 02:00,Very Busy,96,20
6,22/03/2019 12:00,23/03/2019 03:00,Very Busy,96,19
6,23/03/2019 12:00,24/03/2019 03:00,Very Busy,88,20
6,24/03/2019 13:00,25/03/2019 02:00,Very Busy,91,23
6,25/03/2019 13:00,26/03/2019 02:00,Very Busy,97,25
6,26/03/2019 13:00,27/03/2019 02:00,Very Busy,97,24
6,27/03/2019 13:00,28/03/2019 02:00,Very Busy,94,18
6,28/03/2019 13:00,29/03/2019 02:00,Very Busy,98,22
6,29/03/2019 13:00,30/03/2019 03:00,Very Busy,96,23
6,30/03/2019 13:00,31/03/2019 03:00,Very Busy,85,24
6,31/03/2019 13:00,01/04/2019 02:00,Moderately Busy,72,26
6,01/04/2019 13:00,02/04/2019 03:00,Very Busy,87,19
6,02/04/2019 13:00,03/04/2019 02:00,Very Busy,86,20
6,03/04/2019 13:00,04/04/2019 02:00,Very Busy,91,21
6,04/04/2019 13:00,05/04/2019 02:00,Very Busy,87,24
6,05/04/2019 13:00,06/04/2019 03:00,Moderately Busy,61,25
6,06/04/2019 13:00,07/04/2019 03:00,Moderately Busy,64,27
6,07/04/2019 13:00,08/04/2019 02:00,Moderately Busy,56,27
6,08/04/2019 13:00,09/04/2019 02:00,Moderately Quiet,32,27
6,09/04/2019 13:00,10/04/2019 02:00,Very Quiet,17,25
6,10/04/2019 13:00,11/04/2019 02:00,Moderately Quiet,43,25
6,11/04/2019 13:00,12/04/2019 02:00,Moderately Quiet,41,27
6,12/04/2019 12:00,13/04/2019 03:00,Moderately Busy,69,28
6,13/04/2019 12:00,14/04/2019 03:00,Moderately Quiet,26,28
6,14/04/2019 13:00,15/04/2019 04:00,Moderately Busy,70,27
6,15/04/2019 12:00,16/04/2019 04:00,Very Busy,91,22
6,16/04/2019 12:00,17/04/2019 04:00,Very Busy,90,23
6,17/04/2019 12:00,18/04/2019 04:00,Very Busy,92,24
6,18/04/2019 12:00,19/04/2019 04:00,Very Busy,85,27
6,19/04/2019 12:00,20/04/2019 04:00,Moderately Quiet,44,23
6,20/04/2019 12:00,21/04/2019 04:00,Very Busy,81,20
6,21/04/2019 13:00,22/04/2019 04:00,Moderately Busy,68,21
6,22/04/2019 12:00,23/04/2019 04:00,Moderately Busy,56,23
6,23/04/2019 12:00,24/04/2019 04:00,Moderately Busy,69,24
6,24/04/2019 12:00,25/04/2019 04:00,Moderately Busy,62,25
6,25/04/2019 12:00,26/04/2019 04:00,Moderately Quiet,29,25
6,26/04/2019 13:00,27/04/2019 04:00,Moderately Quiet,49,25
6,27/04/2019 12:00,28/04/2019 04:00,Moderately Busy,57,25
6,28/04/2019 13:00,29/04/2019 02:00,Moderately Quiet,47,27
6,29/04/2019 13:00,30/04/2019 02:00,Moderately Busy,61,27
6,30/04/2019 13:00,01/05/2019 02:00,Moderately Quiet,44,28
6,01/05/2019 13:00,02/05/2019 02:00,Moderately Quiet,36,27
6,02/05/2019 13:00,03/05/2019 02:00,Moderately Quiet,34,26
6,03/05/2019 13:00,04/05/2019 03:00,Very Quiet,24,28
6,04/05/2019 12:00,05/05/2019 03:00,Moderately Busy,61,26
6,05/05/2019 13:00,06/05/2019 02:00,Very Busy,81,25
6,06/05/2019 13:00,07/05/2019 02:00,Moderately Busy,69,28
6,07/05/2019 13:00,08/05/2019 02:00,Moderately Busy,69,28
6,08/05/2019 13:00,09/05/2019 02:00,Moderately Busy,64,27
6,09/05/2019 13:00,10/05/2019 02:00,Moderately Quiet,28,27
6,10/05/2019 13:00,11/05/2019 02:00,Moderately Quiet,38,28
6,11/05/2019 12:00,12/05/2019 03:00,Moderately Busy,54,28
6,12/05/2019 13:00,13/05/2019 02:00,Moderately Busy,52,28
6,13/05/2019 13:00,14/05/2019 02:00,Moderately Busy,61,24
6,14/05/2019 13:00,15/05/2019 02:00,Moderately Busy,73,24
6,15/05/2019 13:00,16/05/2019 02:00,Very Busy,80,26
6,16/05/2019 13:00,17/05/2019 02:00,Moderately Quiet,39,27
6,17/05/2019 13:00,18/05/2019 02:00,Moderately Busy,61,28
6,18/05/2019 12:00,19/05/2019 04:00,Moderately Quiet,48,26
6,19/05/2019 13:00,20/05/2019 02:00,Moderately Quiet,35,29
6,20/05/2019 13:00,21/05/2019 02:00,Moderately Busy,54,29
6,21/05/2019 13:00,22/05/2019 02:00,Moderately Quiet,27,30
6,22/05/2019 13:00,23/05/2019 02:00,Moderately Quiet,46,29
6,23/05/2019 13:00,24/05/2019 02:00,Moderately Quiet,46,28
6,24/05/2019 13:00,25/05/2019 02:00,Moderately Busy,54,28
6,25/05/2019 12:00,26/05/2019 03:00,Moderately Busy,56,29
6,26/05/2019 13:00,27/05/2019 03:00,Moderately Busy,72,30
6,27/05/2019 13:00,28/05/2019 02:00,Moderately Busy,54,31
6,28/05/2019 13:00,29/05/2019 02:00,Very Busy,88,31
6,29/05/2019 13:00,30/05/2019 03:00,Very Busy,86,30
6,30/05/2019 13:00,31/05/2019 02:00,Moderately Busy,58,31
6,31/05/2019 13:00,01/06/2019 03:00,Moderately Busy,65,31
6,01/06/2019 12:00,02/06/2019 04:00,Moderately Busy,56,29
6,02/06/2019 13:00,03/06/2019 03:00,Moderately Quiet,49,30
6,03/06/2019 13:00,04/06/2019 03:00,Moderately Busy,67,30
6,04/06/2019 13:00,05/06/2019 02:00,Very Busy,80,30
6,05/06/2019 13:00,06/06/2019 03:00,Very Busy,82,29
6,06/06/2019 13:00,07/06/2019 02:00,Moderately Busy,63,28
6,07/06/2019 13:00,08/06/2019 03:00,Moderately Busy,71,29
6,08/06/2019 13:00,09/06/2019 02:00,Moderately Busy,64,27
6,09/06/2019 13:00,10/06/2019 02:00,Moderately Busy,50,26
6,10/06/2019 13:00,11/06/2019 03:00,Very Busy,84,26
6,11/06/2019 13:00,12/06/2019 02:00,Moderately Busy,73,28
6,12/06/2019 13:00,13/06/2019 03:00,Moderately Busy,67,27
6,13/06/2019 13:00,14/06/2019 02:00,Moderately Busy,67,26
6,14/06/2019 13:00,15/06/2019 02:00,Moderately Busy,68,27
6,15/06/2019 13:00,16/06/2019 02:00,Moderately Busy,70,29
6,16/06/2019 13:00,17/06/2019 02:00,Moderately Quiet,32,26
6,17/06/2019 13:00,18/06/2019 03:00,Moderately Busy,71,26
6,18/06/2019 13:00,19/06/2019 03:00,Moderately Busy,66,27
6,19/06/2019 13:00,20/06/2019 03:00,Very Busy,80,26
6,20/06/2019 13:00,21/06/2019 02:00,Very Busy,84,31
6,21/06/2019 13:00,22/06/2019 03:00,Very Busy,82,32
6,22/06/2019 13:00,23/06/2019 03:00,Moderately Busy,71,31
6,23/06/2019 13:00,24/06/2019 02:00,Moderately Busy,54,32
6,24/06/2019 13:00,25/06/2019 03:00,Very Busy,77,32
6,25/06/2019 13:00,26/06/2019 03:00,Moderately Busy,65,32
6,26/06/2019 13:00,27/06/2019 03:00,Very Busy,90,32
6,27/06/2019 13:00,28/06/2019 02:00,Moderately Busy,74,31
6,28/06/2019 13:00,29/06/2019 02:00,Very Busy,76,29
6,29/06/2019 13:00,30/06/2019 02:00,Moderately Busy,68,27
6,30/06/2019 13:00,01/07/2019 02:00,Moderately Busy,67,31
6,01/07/2019 13:00,02/07/2019 02:00,Moderately Busy,69,32
6,02/07/2019 13:00,03/07/2019 04:00,Moderately Quiet,45,31
6,03/07/2019 12:00,04/07/2019 04:00,Moderately Busy,68,31
6,04/07/2019 12:00,05/07/2019 05:00,Very Busy,89,29
6,05/07/2019 13:00,06/07/2019 02:00,Very Busy,92,30
6,06/07/2019 13:00,07/07/2019 02:00,Moderately Quiet,45,28
6,07/07/2019 13:00,08/07/2019 02:00,Moderately Busy,66,27
6,08/07/2019 13:00,09/07/2019 02:00,Very Busy,92,28
6,09/07/2019 13:00,10/07/2019 02:00,Very Busy,92,28
6,10/07/2019 13:00,11/07/2019 02:00,Very Busy,94,30
6,11/07/2019 13:00,12/07/2019 02:00,Very Busy,82,28
6,12/07/2019 13:00,13/07/2019 02:00,Very Busy,83,28
6,13/07/2019 13:00,14/07/2019 02:00,Very Busy,84,29
6,14/07/2019 13:00,15/07/2019 02:00,Moderately Busy,71,32
6,15/07/2019 13:00,16/07/2019 02:00,Very Busy,88,30
6,16/07/2019 13:00,17/07/2019 02:00,Very Busy,94,31
6,17/07/2019 13:00,18/07/2019 02:00,Very Busy,95,31
6,18/07/2019 13:00,19/07/2019 02:00,Very Busy,92,29
6,19/07/2019 13:00,20/07/2019 02:00,Very Busy,87,30
6,20/07/2019 13:00,21/07/2019 02:00,Very Busy,78,29
6,21/07/2019 13:00,22/07/2019 02:00,Very Busy,77,27
6,22/07/2019 13:00,23/07/2019 02:00,Very Busy,92,30
6,23/07/2019 13:00,24/07/2019 02:00,Very Busy,93,28
6,24/07/2019 13:00,25/07/2019 03:00,Very Busy,94,27
6,25/07/2019 13:00,26/07/2019 02:00,Very Busy,83,25
6,26/07/2019 13:00,27/07/2019 02:00,Very Busy,91,27
6,27/07/2019 13:00,28/07/2019 02:00,Moderately Busy,74,29
6,28/07/2019 13:00,29/07/2019 02:00,Moderately Busy,72,30
6,29/07/2019 13:00,30/07/2019 02:00,Very Busy,88,30
6,30/07/2019 13:00,31/07/2019 02:00,Very Busy,95,30
6,31/07/2019 13:00,01/08/2019 02:00,Very Busy,90,29
6,01/08/2019 13:00,02/08/2019 02:00,Very Busy,85,27
6,02/08/2019 13:00,03/08/2019 02:00,Moderately Busy,70,27
6,03/08/2019 13:00,04/08/2019 02:00,Moderately Busy,74,29
6,04/08/2019 13:00,05/08/2019 02:00,Moderately Busy,68,30
6,05/08/2019 13:00,06/08/2019 02:00,Very Busy,91,28
6,06/08/2019 13:00,07/08/2019 02:00,Very Busy,89,28
6,07/08/2019 13:00,08/08/2019 02:00,Very Busy,93,28
6,08/08/2019 13:00,09/08/2019 02:00,Very Busy,83,30
6,09/08/2019 13:00,10/08/2019 02:00,Very Busy,94,30
6,10/08/2019 13:00,11/08/2019 02:00,Very Busy,86,30
6,11/08/2019 13:00,12/08/2019 02:00,Moderately Busy,73,31
6,12/08/2019 13:00,13/08/2019 02:00,Very Busy,89,29
6,13/08/2019 13:00,14/08/2019 02:00,Very Busy,79,29
6,14/08/2019 13:00,15/08/2019 02:00,Very Busy,96,29
6,15/08/2019 13:00,16/08/2019 02:00,Very Busy,78,28
6,16/08/2019 13:00,16/08/2019 22:00,Moderately Busy,65,27
6,17/08/2019 13:00,18/08/2019 02:00,Very Busy,85,28
6,18/08/2019 13:00,19/08/2019 02:00,Moderately Busy,65,30
6,19/08/2019 13:00,20/08/2019 02:00,Very Busy,87,29
6,20/08/2019 13:00,20/08/2019 22:00,Moderately Quiet,37,30
6,21/08/2019 13:00,22/08/2019 02:00,Very Busy,80,31
6,22/08/2019 13:00,23/08/2019 02:00,Moderately Busy,57,31
6,23/08/2019 13:00,23/08/2019 22:00,Very Quiet,22,29
6,24/08/2019 13:00,25/08/2019 02:00,Moderately Busy,69,31
6,25/08/2019 13:00,26/08/2019 02:00,Moderately Quiet,41,31
6,26/08/2019 13:00,27/08/2019 02:00,Moderately Busy,56,30
6,27/08/2019 13:00,27/08/2019 22:00,Very Quiet,13,30
6,28/08/2019 13:00,29/08/2019 02:00,Moderately Quiet,43,30
6,29/08/2019 12:00,30/08/2019 02:00,Very Quiet,6,31
6,30/08/2019 12:00,30/08/2019 22:00,Very Quiet,2,29
6,31/08/2019 12:00,01/09/2019 02:00,Very Quiet,9,30
6,01/09/2019 12:00,02/09/2019 02:00,Very Quiet,4,29
6,02/09/2019 12:00,02/09/2019 22:00,Very Quiet,3,29
6,03/09/2019 12:00,04/09/2019 02:00,Very Quiet,1,28
6,04/09/2019 12:00,05/09/2019 02:00,Very Quiet,0,28
6,05/09/2019 12:00,06/09/2019 02:00,Very Quiet,0,32
6,06/09/2019 12:00,06/09/2019 22:00,Very Quiet,0,32
6,07/09/2019 12:00,08/09/2019 02:00,Very Quiet,14,30
6,08/09/2019 12:00,08/09/2019 22:00,Very Quiet,4,32
6,09/09/2019 12:00,10/09/2019 02:00,Very Quiet,11,31
6,10/09/2019 12:00,10/09/2019 22:00,Very Quiet,2,31
6,11/09/2019 12:00,12/09/2019 02:00,Very Quiet,10,30
6,12/09/2019 12:00,13/09/2019 02:00,Very Quiet,6,29
6,13/09/2019 12:00,13/09/2019 22:00,Very Quiet,3,29
6,14/09/2019 12:00,15/09/2019 02:00,Moderately Quiet,39,29
6,15/09/2019 12:00,15/09/2019 22:00,Very Quiet,8,29
6,16/09/2019 12:00,17/09/2019 01:00,Moderately Quiet,26,30
6,17/09/2019 12:00,17/09/2019 22:00,Very Quiet,3,32
6,18/09/2019 12:00,19/09/2019 01:00,Very Quiet,22,29
6,19/09/2019 12:00,20/09/2019 01:00,Very Quiet,13,27
6,20/09/2019 12:00,20/09/2019 22:00,Very Quiet,8,27
6,21/09/2019 12:00,22/09/2019 02:00,Moderately Quiet,47,27
6,22/09/2019 12:00,22/09/2019 22:00,Very Quiet,14,28
6,23/09/2019 12:00,24/09/2019 01:00,Moderately Quiet,39,28
6,24/09/2019 12:00,24/09/2019 22:00,Very Quiet,6,29
6,25/09/2019 12:00,26/09/2019 01:00,Very Quiet,24,30
6,26/09/2019 12:00,27/09/2019 01:00,Very Quiet,21,30
6,27/09/2019 12:00,27/09/2019 22:00,Very Quiet,11,30
6,28/09/2019 12:00,29/09/2019 02:00,Very Busy,84,29
6,29/09/2019 12:00,29/09/2019 22:00,Moderately Quiet,36,29
6,30/09/2019 12:00,01/10/2019 01:00,Moderately Busy,62,29
6,01/10/2019 12:00,01/10/2019 22:00,Very Quiet,19,29
6,02/10/2019 12:00,03/10/2019 02:00,Moderately Quiet,47,29
6,03/10/2019 12:00,03/10/2019 22:00,Very Quiet,10,29
6,04/10/2019 12:00,04/10/2019 22:00,Very Quiet,15,30
6,05/10/2019 12:00,06/10/2019 02:00,Moderately Busy,70,29
6,06/10/2019 12:00,06/10/2019 22:00,Moderately Quiet,26,28
6,07/10/2019 12:00,08/10/2019 01:00,Very Busy,92,26
6,08/10/2019 12:00,08/10/2019 22:00,Moderately Quiet,28,27
6,09/10/2019 12:00,10/10/2019 02:00,Very Busy,86,24
6,10/10/2019 12:00,10/10/2019 22:00,Moderately Quiet,34,27
6,11/10/2019 12:00,11/10/2019 22:00,Moderately Busy,53,28
6,12/10/2019 12:00,13/10/2019 03:00,Very Busy,94,27
6,13/10/2019 12:00,14/10/2019 01:00,Very Busy,92,27
6,14/10/2019 12:00,14/10/2019 22:00,Moderately Busy,57,29
6,15/10/2019 12:00,15/10/2019 22:00,Very Quiet,22,28
6,16/10/2019 12:00,17/10/2019 02:00,Very Busy,94,27
6,17/10/2019 12:00,17/10/2019 22:00,Moderately Quiet,42,26
6,18/10/2019 12:00,18/10/2019 22:00,Moderately Quiet,39,24
6,19/10/2019 12:00,20/10/2019 03:00,Moderately Quiet,32,26
6,20/10/2019 12:00,20/10/2019 22:00,Moderately Quiet,32,29
6,21/10/2019 12:00,21/10/2019 22:00,Very Quiet,12,28
6,22/10/2019 12:00,22/10/2019 22:00,Very Quiet,5,29
6,23/10/2019 12:00,24/10/2019 02:00,Very Busy,83,25
6,24/10/2019 12:00,24/10/2019 22:00,Very Quiet,7,28
6,25/10/2019 12:00,25/10/2019 22:00,Very Quiet,23,27
6,26/10/2019 12:00,27/10/2019 02:00,Moderately Busy,52,27
6,27/10/2019 12:00,27/10/2019 22:00,Very Quiet,15,29
6,28/10/2019 12:00,29/10/2019 02:00,Moderately Quiet,48,29
6,29/10/2019 12:00,29/10/2019 22:00,Very Quiet,2,30
6,30/10/2019 12:00,31/10/2019 01:00,Very Quiet,19,29
6,31/10/2019 12:00,31/10/2019 22:00,Very Quiet,9,30
6,01/11/2019 12:00,01/11/2019 22:00,Very Quiet,14,23
6,02/11/2019 12:00,03/11/2019 03:00,Moderately Quiet,27,25
6,03/11/2019 14:00,04/11/2019 02:00,Moderately Busy,69,24
6,04/11/2019 14:00,05/11/2019 02:00,Moderately Busy,63,26
6,05/11/2019 14:00,06/11/2019 02:00,Moderately Quiet,42,27
6,06/11/2019 14:00,07/11/2019 02:00,Moderately Quiet,44,26
6,07/11/2019 14:00,08/11/2019 02:00,Moderately Busy,63,28
6,08/11/2019 14:00,08/11/2019 23:00,Moderately Busy,71,25
6,09/11/2019 14:00,10/11/2019 04:00,Very Busy,91,20
6,10/11/2019 14:00,11/11/2019 03:00,Very Busy,96,22
6,11/11/2019 14:00,11/11/2019 23:00,Very Busy,75,26
6,12/11/2019 14:00,12/11/2019 23:00,Moderately Quiet,36,26
6,13/11/2019 14:00,14/11/2019 03:00,Very Busy,94,18
6,14/11/2019 14:00,14/11/2019 23:00,Very Quiet,24,24
6,15/11/2019 14:00,15/11/2019 23:00,Very Quiet,22,21
6,16/11/2019 14:00,17/11/2019 04:00,Very Busy,83,14
6,17/11/2019 14:00,17/11/2019 23:00,Moderately Busy,60,12
6,18/11/2019 14:00,19/11/2019 03:00,Very Busy,85,19
6,19/11/2019 14:00,19/11/2019 23:00,Very Quiet,23,19
6,20/11/2019 14:00,21/11/2019 02:00,Moderately Busy,74,20
6,21/11/2019 14:00,21/11/2019 23:00,Very Quiet,11,22
6,22/11/2019 14:00,22/11/2019 23:00,Very Quiet,21,24
6,23/11/2019 14:00,24/11/2019 04:00,Very Busy,78,23
6,24/11/2019 14:00,24/11/2019 23:00,Very Busy,85,20
6,25/11/2019 14:00,26/11/2019 04:00,Very Busy,99,15
6,26/11/2019 14:00,27/11/2019 04:00,Very Busy,98,18
6,27/11/2019 14:00,28/11/2019 04:00,Very Busy,95,21
6,28/11/2019 14:00,29/11/2019 04:00,Very Busy,90,23
6,29/11/2019 14:00,30/11/2019 04:00,Very Busy,93,22
6,30/11/2019 14:00,01/12/2019 04:00,Very Busy,85,23
6,01/12/2019 13:00,01/12/2019 23:00,Moderately Quiet,33,25
6,02/12/2019 13:00,02/12/2019 21:30,Very Quiet,15,16
6,03/12/2019 14:00,03/12/2019 23:00,Moderately Quiet,46,13
6,04/12/2019 14:00,05/12/2019 03:00,Very Busy,96,14
6,05/12/2019 14:00,05/12/2019 23:00,Moderately Quiet,46,18
6,06/12/2019 14:00,06/12/2019 23:00,Moderately Busy,55,21
6,07/12/2019 13:00,08/12/2019 05:00,Very Busy,79,20
6,08/12/2019 14:00,08/12/2019 23:00,Moderately Quiet,36,24
6,09/12/2019 14:00,10/12/2019 03:00,Very Busy,82,24
6,10/12/2019 14:00,10/12/2019 23:00,Moderately Quiet,40,26
6,11/12/2019 14:00,12/12/2019 03:00,Very Busy,76,21
6,12/12/2019 14:00,12/12/2019 23:00,Very Quiet,17,22
6,13/12/2019 14:00,13/12/2019 23:00,Moderately Quiet,44,23
6,14/12/2019 13:00,15/12/2019 05:00,Very Busy,76,19
6,15/12/2019 13:00,15/12/2019 23:00,Moderately Busy,62,20
6,16/12/2019 14:00,17/12/2019 04:00,Very Busy,94,24
6,17/12/2019 14:00,17/12/2019 23:00,Moderately Quiet,41,26
6,18/12/2019 14:00,19/12/2019 03:00,Very Busy,89,12
6,19/12/2019 14:00,19/12/2019 23:00,Moderately Quiet,37,17
6,20/12/2019 14:00,20/12/2019 23:00,Moderately Quiet,44,21
6,21/12/2019 13:00,22/12/2019 04:00,Very Busy,83,21
6,22/12/2019 13:00,22/12/2019 23:00,Moderately Quiet,37,21
6,23/12/2019 13:00,24/12/2019 05:00,Very Busy,89,18
6,24/12/2019 13:00,25/12/2019 05:00,Very Busy,98,16
6,25/12/2019 11:00,26/12/2019 05:00,Very Busy,99,21
6,26/12/2019 13:00,27/12/2019 05:00,Very Busy,90,22
6,27/12/2019 13:00,28/12/2019 05:00,Very Busy,95,22
6,28/12/2019 13:00,29/12/2019 05:00,Very Busy,85,23
6,29/12/2019 13:00,30/12/2019 05:00,Very Busy,93,24
6,30/12/2019 13:00,31/12/2019 05:00,Very Busy,99,24
6,31/12/2019 13:00,01/01/2020 06:00,Very Busy,100,16
7,01/01/2019 14:00,02/01/2019 01:00,Very Busy,96,25
7,02/01/2019 14:00,03/01/2019 01:00,Very Busy,99,24
7,03/01/2019 14:00,04/01/2019 01:00,Very Busy,99,25
7,04/01/2019 14:00,05/01/2019 01:00,Very Busy,99,24
7,05/01/2019 14:00,06/01/2019 01:00,Very Busy,99,18
7,06/01/2019 14:00,07/01/2019 01:00,Very Busy,97,18
7,07/01/2019 14:00,08/01/2019 01:00,Very Busy,94,22
7,08/01/2019 14:00,09/01/2019 01:00,Very Busy,82,23
7,09/01/2019 14:00,10/01/2019 01:00,Very Busy,77,19
7,10/01/2019 14:00,11/01/2019 01:00,Very Busy,76,12
7,11/01/2019 14:00,12/01/2019 01:00,Very Busy,77,19
7,12/01/2019 14:00,13/01/2019 01:00,Very Busy,77,22
7,13/01/2019 14:00,14/01/2019 01:00,Moderately Busy,69,23
7,14/01/2019 14:00,15/01/2019 01:00,Moderately Busy,74,16
7,15/01/2019 14:00,16/01/2019 01:00,Moderately Busy,56,12
7,16/01/2019 14:00,17/01/2019 01:00,Moderately Quiet,28,13
7,17/01/2019 14:00,18/01/2019 01:00,Very Busy,85,18
7,18/01/2019 14:00,19/01/2019 01:00,Moderately Busy,73,20
7,19/01/2019 14:00,20/01/2019 01:00,Very Busy,95,23
7,20/01/2019 14:00,21/01/2019 01:00,Very Busy,98,14
7,21/01/2019 14:00,22/01/2019 01:00,Very Busy,96,12
7,22/01/2019 14:00,23/01/2019 01:00,Very Busy,87,20
7,23/01/2019 14:00,24/01/2019 01:00,Very Busy,79,23
7,24/01/2019 14:00,25/01/2019 01:00,Moderately Busy,70,20
7,25/01/2019 14:00,26/01/2019 01:00,Very Busy,83,13
7,26/01/2019 14:00,27/01/2019 01:00,Very Busy,95,14
7,27/01/2019 14:00,28/01/2019 01:00,Very Quiet,6,12
7,28/01/2019 14:00,29/01/2019 01:00,Very Busy,94,11
7,29/01/2019 14:00,30/01/2019 01:00,Very Busy,83,16
7,30/01/2019 14:00,31/01/2019 01:00,Moderately Busy,61,11
7,31/01/2019 14:00,01/02/2019 01:00,Moderately Busy,73,15
7,01/02/2019 14:00,02/02/2019 01:00,Very Busy,80,21
7,02/02/2019 14:00,03/02/2019 01:00,Very Busy,89,22
7,03/02/2019 14:00,04/02/2019 01:00,Very Busy,88,20
7,04/02/2019 14:00,05/02/2019 01:00,Very Busy,93,17
7,05/02/2019 14:00,06/02/2019 01:00,Moderately Busy,69,22
7,06/02/2019 14:00,07/02/2019 01:00,Moderately Quiet,46,24
7,07/02/2019 14:00,08/02/2019 01:00,Moderately Busy,65,24
7,08/02/2019 14:00,09/02/2019 01:00,Very Busy,90,24
7,09/02/2019 14:00,10/02/2019 01:00,Very Busy,93,21
7,10/02/2019 14:00,11/02/2019 01:00,Very Busy,92,21
7,11/02/2019 14:00,12/02/2019 01:00,Moderately Busy,73,25
7,12/02/2019 14:00,13/02/2019 01:00,Very Quiet,19,25
7,13/02/2019 14:00,14/02/2019 01:00,Moderately Quiet,38,15
7,14/02/2019 14:00,15/02/2019 01:00,Very Busy,82,20
7,15/02/2019 14:00,16/02/2019 01:00,Very Busy,93,23
7,16/02/2019 14:00,17/02/2019 01:00,Very Busy,99,23
7,17/02/2019 14:00,18/02/2019 01:00,Very Busy,99,26
7,18/02/2019 14:00,19/02/2019 01:00,Very Busy,98,26
7,19/02/2019 14:00,20/02/2019 01:00,Very Busy,93,26
7,20/02/2019 14:00,21/02/2019 01:00,Very Busy,93,27
7,21/02/2019 14:00,22/02/2019 01:00,Very Busy,89,26
7,22/02/2019 14:00,23/02/2019 01:00,Very Busy,86,27
7,23/02/2019 14:00,24/02/2019 01:00,Very Busy,86,28
7,24/02/2019 14:00,25/02/2019 01:00,Moderately Busy,70,27
7,25/02/2019 14:00,26/02/2019 01:00,Very Busy,85,21
7,26/02/2019 14:00,27/02/2019 01:00,Moderately Busy,65,21
7,27/02/2019 14:00,28/02/2019 01:00,Moderately Busy,63,23
7,28/02/2019 14:00,01/03/2019 01:00,Very Busy,89,23
7,01/03/2019 14:00,02/03/2019 01:00,Very Busy,82,25
7,02/03/2019 14:00,03/03/2019 01:00,Very Busy,93,27
7,03/03/2019 14:00,04/03/2019 01:00,Very Busy,95,27
7,04/03/2019 14:00,05/03/2019 01:00,Very Busy,96,25
7,05/03/2019 14:00,06/03/2019 01:00,Very Busy,97,13
7,06/03/2019 14:00,07/03/2019 01:00,Very Busy,97,13
7,07/03/2019 14:00,08/03/2019 01:00,Very Busy,93,20
7,08/03/2019 14:00,09/03/2019 01:00,Very Busy,97,23
7,09/03/2019 14:00,10/03/2019 01:00,Very Busy,93,26
7,10/03/2019 13:00,11/03/2019 00:30,Very Busy,94,26
7,11/03/2019 13:00,12/03/2019 00:30,Very Busy,98,26
7,12/03/2019 13:00,13/03/2019 00:30,Very Busy,99,22
7,13/03/2019 13:00,14/03/2019 00:30,Very Busy,97,24
7,14/03/2019 13:00,15/03/2019 00:30,Very Busy,96,25
7,15/03/2019 13:00,16/03/2019 00:30,Very Busy,90,27
7,16/03/2019 13:00,17/03/2019 00:30,Very Busy,90,23
7,17/03/2019 13:00,18/03/2019 00:30,Very Busy,96,19
7,18/03/2019 13:00,19/03/2019 00:30,Very Busy,98,18
7,19/03/2019 13:00,20/03/2019 00:30,Very Busy,94,17
7,20/03/2019 13:00,21/03/2019 00:30,Very Busy,98,20
7,21/03/2019 13:00,22/03/2019 00:30,Very Busy,97,21
7,22/03/2019 13:00,23/03/2019 00:30,Very Busy,97,21
7,23/03/2019 13:00,24/03/2019 00:30,Very Busy,97,22
7,24/03/2019 13:00,25/03/2019 00:30,Very Busy,97,24
7,25/03/2019 13:00,26/03/2019 00:30,Very Busy,97,25
7,26/03/2019 13:00,27/03/2019 00:30,Very Busy,98,25
7,27/03/2019 13:00,28/03/2019 00:30,Very Busy,94,19
7,28/03/2019 13:00,29/03/2019 00:30,Very Busy,98,23
7,29/03/2019 13:00,30/03/2019 00:30,Very Busy,95,24
7,30/03/2019 13:00,31/03/2019 00:30,Very Busy,92,25
7,31/03/2019 13:00,01/04/2019 00:30,Very Busy,92,26
7,01/04/2019 13:00,02/04/2019 00:30,Very Busy,93,19
7,02/04/2019 13:00,03/04/2019 00:30,Very Busy,94,21
7,03/04/2019 13:00,04/04/2019 00:30,Very Busy,92,22
7,04/04/2019 13:00,05/04/2019 00:30,Very Busy,89,25
7,05/04/2019 13:00,06/04/2019 00:30,Very Busy,84,25
7,06/04/2019 13:00,07/04/2019 00:30,Moderately Busy,67,28
7,07/04/2019 13:00,08/04/2019 00:30,Moderately Quiet,29,27
7,08/04/2019 13:00,09/04/2019 00:30,Moderately Busy,58,28
7,09/04/2019 13:00,10/04/2019 00:30,Very Quiet,20,26
7,10/04/2019 13:00,11/04/2019 00:30,Moderately Quiet,40,25
7,11/04/2019 13:00,12/04/2019 00:30,Moderately Busy,57,27
7,12/04/2019 13:00,13/04/2019 00:30,Moderately Busy,60,29
7,13/04/2019 13:00,14/04/2019 00:30,Very Busy,85,29
7,14/04/2019 13:00,15/04/2019 00:30,Very Busy,85,27
7,15/04/2019 13:00,16/04/2019 00:30,Very Busy,97,23
7,16/04/2019 13:00,17/04/2019 00:30,Very Busy,98,25
7,17/04/2019 13:00,18/04/2019 00:30,Very Busy,96,26
7,18/04/2019 13:00,19/04/2019 00:30,Very Busy,96,28
7,19/04/2019 13:00,20/04/2019 00:30,Very Busy,89,24
7,20/04/2019 13:00,21/04/2019 00:30,Very Busy,95,22
7,21/04/2019 13:00,22/04/2019 00:30,Very Busy,88,23
7,22/04/2019 13:00,23/04/2019 00:30,Very Busy,85,25
7,23/04/2019 13:00,24/04/2019 00:30,Very Busy,78,26
7,24/04/2019 13:00,25/04/2019 00:30,Very Busy,84,27
7,25/04/2019 13:00,26/04/2019 00:30,Very Busy,83,27
7,26/04/2019 13:00,27/04/2019 00:30,Very Busy,86,26
7,27/04/2019 13:00,28/04/2019 00:30,Very Busy,94,27
7,28/04/2019 13:00,29/04/2019 01:00,Very Busy,86,28
7,29/04/2019 13:00,30/04/2019 01:00,Very Busy,82,27
7,30/04/2019 13:00,01/05/2019 01:00,Very Busy,77,28
7,01/05/2019 13:00,02/05/2019 01:00,Moderately Busy,71,27
7,02/05/2019 13:00,03/05/2019 01:00,Moderately Busy,70,26
7,03/05/2019 13:00,04/05/2019 01:00,Very Busy,86,28
7,04/05/2019 13:00,05/05/2019 01:00,Very Busy,95,27
7,05/05/2019 13:00,06/05/2019 01:00,Very Busy,92,25
7,06/05/2019 13:00,07/05/2019 01:00,Very Busy,98,28
7,07/05/2019 13:00,08/05/2019 01:00,Very Busy,88,28
7,08/05/2019 13:00,09/05/2019 01:00,Moderately Busy,72,28
7,09/05/2019 13:00,10/05/2019 01:00,Very Busy,86,28
7,10/05/2019 13:00,11/05/2019 01:00,Very Busy,89,29
7,11/05/2019 13:00,12/05/2019 01:00,Very Busy,95,30
7,12/05/2019 13:00,13/05/2019 01:00,Very Busy,94,29
7,13/05/2019 13:00,14/05/2019 01:00,Very Busy,85,24
7,14/05/2019 13:00,15/05/2019 01:00,Very Busy,88,25
7,15/05/2019 13:00,16/05/2019 01:00,Very Busy,82,26
7,16/05/2019 13:00,17/05/2019 01:00,Very Busy,80,27
7,17/05/2019 13:00,18/05/2019 01:00,Very Busy,75,28
7,18/05/2019 13:00,19/05/2019 01:00,Very Busy,84,28
7,19/05/2019 13:00,20/05/2019 01:00,Very Busy,89,29
7,20/05/2019 13:00,21/05/2019 01:00,Very Busy,85,30
7,21/05/2019 13:00,22/05/2019 01:00,Moderately Busy,73,30
7,22/05/2019 13:00,23/05/2019 01:00,Very Busy,85,29
7,23/05/2019 13:00,24/05/2019 01:00,Very Busy,82,29
7,24/05/2019 13:00,25/05/2019 01:00,Very Busy,78,29
7,25/05/2019 13:00,26/05/2019 01:00,Very Busy,93,29
7,26/05/2019 13:00,27/05/2019 01:00,Very Busy,98,30
7,27/05/2019 13:00,28/05/2019 01:00,Very Busy,97,31
7,28/05/2019 13:00,29/05/2019 01:00,Very Busy,93,32
7,29/05/2019 13:00,30/05/2019 01:00,Very Busy,93,31
7,30/05/2019 13:00,31/05/2019 01:00,Very Busy,95,31
7,31/05/2019 13:00,01/06/2019 01:00,Very Busy,93,31
7,01/06/2019 13:00,02/06/2019 01:00,Very Busy,89,30
7,02/06/2019 13:00,03/06/2019 01:00,Very Busy,93,31
7,03/06/2019 13:00,04/06/2019 01:00,Very Busy,93,30
7,04/06/2019 13:00,05/06/2019 01:00,Very Busy,96,31
7,05/06/2019 13:00,06/06/2019 01:00,Very Busy,95,30
7,06/06/2019 13:00,07/06/2019 01:00,Very Busy,94,28
7,07/06/2019 13:00,08/06/2019 01:00,Very Busy,90,29
7,08/06/2019 13:00,09/06/2019 01:00,Very Busy,87,27
7,09/06/2019 13:00,10/06/2019 01:00,Very Busy,94,27
7,10/06/2019 13:00,11/06/2019 01:00,Very Busy,94,26
7,11/06/2019 13:00,12/06/2019 01:00,Very Busy,94,28
7,12/06/2019 13:00,13/06/2019 01:00,Moderately Busy,73,28
7,13/06/2019 13:00,14/06/2019 01:00,Moderately Busy,71,26
7,14/06/2019 13:00,15/06/2019 01:00,Moderately Busy,72,28
7,15/06/2019 13:00,16/06/2019 01:00,Moderately Quiet,40,29
7,16/06/2019 13:00,17/06/2019 01:00,Moderately Quiet,31,27
7,17/06/2019 13:00,18/06/2019 01:00,Moderately Busy,70,27
7,18/06/2019 13:00,19/06/2019 01:00,Moderately Busy,65,27
7,19/06/2019 13:00,20/06/2019 01:00,Moderately Busy,65,26
7,20/06/2019 13:00,21/06/2019 01:00,Moderately Busy,66,31
7,21/06/2019 13:00,22/06/2019 01:00,Moderately Busy,60,32
7,22/06/2019 13:00,23/06/2019 01:00,Moderately Busy,62,31
7,23/06/2019 13:00,24/06/2019 01:00,Moderately Busy,73,32
7,24/06/2019 13:00,25/06/2019 01:00,Moderately Busy,69,33
7,25/06/2019 13:00,26/06/2019 01:00,Moderately Busy,53,33
7,26/06/2019 13:00,27/06/2019 01:00,Moderately Busy,75,33
7,27/06/2019 13:00,28/06/2019 01:00,Moderately Busy,72,31
7,28/06/2019 13:00,29/06/2019 01:00,Moderately Busy,65,30
7,29/06/2019 13:00,30/06/2019 01:00,Moderately Busy,69,27
7,30/06/2019 13:00,01/07/2019 01:00,Moderately Busy,74,31
7,01/07/2019 13:00,02/07/2019 01:00,Moderately Busy,56,32
7,02/07/2019 13:00,03/07/2019 01:00,Moderately Busy,62,32
7,03/07/2019 13:00,04/07/2019 01:00,Moderately Quiet,48,32
7,04/07/2019 13:00,05/07/2019 01:00,Moderately Quiet,26,30
7,05/07/2019 13:00,06/07/2019 01:00,Moderately Busy,64,31
7,06/07/2019 13:00,07/07/2019 01:00,Moderately Busy,58,28
7,07/07/2019 13:00,08/07/2019 01:00,Moderately Busy,69,27
7,08/07/2019 13:00,09/07/2019 01:00,Very Busy,75,29
7,09/07/2019 13:00,10/07/2019 01:00,Very Busy,82,29
7,10/07/2019 13:00,11/07/2019 01:00,Moderately Busy,71,30
7,11/07/2019 13:00,12/07/2019 01:00,Moderately Busy,73,28
7,12/07/2019 13:00,13/07/2019 01:00,Moderately Busy,61,28
7,13/07/2019 13:00,14/07/2019 01:00,Moderately Busy,50,29
7,14/07/2019 13:00,15/07/2019 01:00,Moderately Busy,66,32
7,15/07/2019 13:00,16/07/2019 01:00,Moderately Busy,64,30
7,16/07/2019 13:00,17/07/2019 01:00,Moderately Busy,73,31
7,17/07/2019 13:00,18/07/2019 01:00,Moderately Busy,62,31
7,18/07/2019 13:00,19/07/2019 01:00,Very Busy,77,29
7,19/07/2019 13:00,20/07/2019 01:00,Moderately Busy,61,31
7,20/07/2019 13:00,21/07/2019 01:00,Moderately Quiet,49,29
7,21/07/2019 13:00,22/07/2019 01:00,Very Busy,78,28
7,22/07/2019 13:00,23/07/2019 01:00,Moderately Busy,74,30
7,23/07/2019 13:00,24/07/2019 01:00,Very Busy,80,28
7,24/07/2019 13:00,25/07/2019 01:00,Moderately Busy,74,27
7,25/07/2019 13:00,26/07/2019 01:00,Moderately Busy,71,25
7,26/07/2019 13:00,27/07/2019 01:00,Very Busy,78,27
7,27/07/2019 13:00,28/07/2019 01:00,Moderately Busy,62,29
7,28/07/2019 13:00,29/07/2019 01:00,Moderately Busy,74,30
7,29/07/2019 13:00,30/07/2019 01:00,Very Busy,79,30
7,30/07/2019 13:00,31/07/2019 01:00,Very Busy,82,30
7,31/07/2019 13:00,01/08/2019 01:00,Moderately Busy,74,29
7,01/08/2019 13:00,02/08/2019 01:00,Very Busy,79,27
7,02/08/2019 13:00,03/08/2019 01:00,Moderately Busy,68,28
7,03/08/2019 13:00,04/08/2019 01:00,Moderately Busy,53,28
7,04/08/2019 13:00,05/08/2019 01:00,Moderately Busy,64,30
7,05/08/2019 13:00,06/08/2019 01:00,Moderately Busy,74,28
7,06/08/2019 13:00,07/08/2019 01:00,Very Busy,80,28
7,07/08/2019 13:00,08/08/2019 01:00,Very Busy,76,28
7,08/08/2019 13:00,09/08/2019 01:00,Very Busy,87,31
7,09/08/2019 13:00,10/08/2019 01:00,Moderately Busy,58,30
7,10/08/2019 13:00,11/08/2019 01:00,Moderately Busy,65,30
7,11/08/2019 13:00,12/08/2019 01:00,Moderately Busy,68,31
7,12/08/2019 13:00,13/08/2019 01:00,Moderately Busy,56,29
7,13/08/2019 13:00,14/08/2019 01:00,Moderately Busy,54,29
7,14/08/2019 13:00,15/08/2019 01:00,Moderately Busy,50,29
7,15/08/2019 13:00,16/08/2019 01:00,Moderately Busy,57,28
7,16/08/2019 13:00,17/08/2019 01:00,Moderately Busy,57,27
7,17/08/2019 13:00,18/08/2019 01:00,Moderately Quiet,47,29
7,18/08/2019 13:00,19/08/2019 01:00,Moderately Busy,59,31
7,19/08/2019 13:00,20/08/2019 01:00,Moderately Quiet,43,30
7,20/08/2019 13:00,21/08/2019 01:00,Moderately Quiet,44,30
7,21/08/2019 13:00,22/08/2019 01:00,Moderately Quiet,32,31
7,22/08/2019 13:00,23/08/2019 01:00,Moderately Quiet,32,31
7,23/08/2019 13:00,24/08/2019 01:00,Moderately Quiet,44,29
7,24/08/2019 13:00,25/08/2019 01:00,Moderately Quiet,40,31
7,25/08/2019 13:00,26/08/2019 00:30,Moderately Quiet,31,32
7,26/08/2019 13:00,27/08/2019 00:30,Very Quiet,21,31
7,27/08/2019 13:00,28/08/2019 00:30,Moderately Quiet,37,30
7,28/08/2019 13:00,29/08/2019 00:30,Moderately Quiet,29,30
7,29/08/2019 10:00,30/08/2019 02:00,Moderately Quiet,36,30
7,30/08/2019 10:00,31/08/2019 02:00,Very Quiet,10,28
7,31/08/2019 10:00,01/09/2019 02:00,Very Quiet,13,29
7,01/09/2019 13:00,02/09/2019 02:00,Very Quiet,15,29
7,02/09/2019 13:00,03/09/2019 02:00,Very Quiet,9,29
7,03/09/2019 13:00,04/09/2019 02:00,Very Quiet,5,28
7,04/09/2019 13:00,05/09/2019 02:00,Very Quiet,4,29
7,05/09/2019 13:00,06/09/2019 02:00,Very Quiet,1,32
7,06/09/2019 13:00,07/09/2019 02:00,Very Quiet,2,32
7,07/09/2019 13:00,08/09/2019 02:00,Very Quiet,4,31
7,08/09/2019 13:00,09/09/2019 02:00,Very Quiet,4,31
7,09/09/2019 13:00,10/09/2019 02:00,Very Quiet,12,32
7,10/09/2019 13:00,11/09/2019 02:00,Very Quiet,13,31
7,11/09/2019 13:00,12/09/2019 02:00,Very Quiet,6,30
7,12/09/2019 13:00,13/09/2019 02:00,Very Quiet,6,29
7,13/09/2019 13:00,14/09/2019 02:00,Very Quiet,13,29
7,14/09/2019 13:00,15/09/2019 02:00,Very Quiet,14,29
7,15/09/2019 13:00,16/09/2019 02:00,Very Quiet,12,29
7,16/09/2019 13:00,17/09/2019 02:00,Very Quiet,17,31
7,17/09/2019 13:00,18/09/2019 02:00,Very Quiet,11,31
7,18/09/2019 13:00,19/09/2019 02:00,Very Quiet,8,29
7,19/09/2019 13:00,20/09/2019 02:00,Very Quiet,12,27
7,20/09/2019 13:00,21/09/2019 02:00,Very Quiet,19,27
7,21/09/2019 13:00,22/09/2019 02:00,Very Quiet,16,28
7,22/09/2019 13:00,23/09/2019 02:00,Very Quiet,14,28
7,23/09/2019 13:00,24/09/2019 02:00,Moderately Quiet,27,28
7,24/09/2019 13:00,25/09/2019 02:00,Very Quiet,20,29
7,25/09/2019 13:00,26/09/2019 02:00,Very Quiet,10,30
7,26/09/2019 13:00,27/09/2019 02:00,Very Quiet,20,30
7,27/09/2019 13:00,28/09/2019 02:00,Very Quiet,18,29
7,28/09/2019 13:00,29/09/2019 02:00,Moderately Quiet,27,29
7,29/09/2019 13:00,30/09/2019 02:00,Moderately Quiet,35,29
7,30/09/2019 13:00,01/10/2019 02:00,Moderately Quiet,32,29
7,01/10/2019 13:00,02/10/2019 02:00,Very Quiet,9,29
7,02/10/2019 13:00,03/10/2019 02:00,Very Quiet,5,29
7,03/10/2019 13:00,04/10/2019 02:00,Very Quiet,15,29
7,04/10/2019 13:00,05/10/2019 02:00,Very Quiet,20,30
7,05/10/2019 13:00,06/10/2019 02:00,Very Quiet,23,29
7,06/10/2019 13:00,07/10/2019 02:00,Moderately Quiet,32,28
7,07/10/2019 13:00,08/10/2019 02:00,Moderately Busy,58,27
7,08/10/2019 13:00,09/10/2019 02:00,Moderately Quiet,42,26
7,09/10/2019 13:00,10/10/2019 02:00,Moderately Quiet,26,24
7,10/10/2019 13:00,11/10/2019 02:00,Moderately Busy,68,27
7,11/10/2019 13:00,12/10/2019 02:00,Moderately Busy,63,28
7,12/10/2019 13:00,13/10/2019 02:00,Moderately Busy,71,27
7,13/10/2019 13:00,14/10/2019 02:00,Very Busy,78,28
7,14/10/2019 13:00,15/10/2019 02:00,Very Busy,80,28
7,15/10/2019 13:00,16/10/2019 02:00,Moderately Busy,59,28
7,16/10/2019 13:00,17/10/2019 02:00,Moderately Quiet,33,28
7,17/10/2019 13:00,18/10/2019 02:00,Moderately Busy,59,26
7,18/10/2019 13:00,19/10/2019 02:00,Moderately Busy,68,25
7,19/10/2019 13:00,20/10/2019 02:00,Very Quiet,18,26
7,20/10/2019 13:00,21/10/2019 02:00,Moderately Quiet,38,28
7,21/10/2019 13:00,22/10/2019 02:00,Moderately Quiet,30,28
7,22/10/2019 13:00,23/10/2019 02:00,Moderately Quiet,25,29
7,23/10/2019 13:00,24/10/2019 02:00,Very Quiet,18,25
7,24/10/2019 13:00,25/10/2019 02:00,Very Quiet,22,28
7,25/10/2019 13:00,26/10/2019 02:00,Moderately Quiet,40,26
7,26/10/2019 13:00,27/10/2019 02:00,Very Quiet,20,28
7,27/10/2019 13:00,28/10/2019 02:00,Very Quiet,20,29
7,28/10/2019 13:00,29/10/2019 02:00,Very Quiet,19,30
7,29/10/2019 13:00,30/10/2019 02:00,Very Quiet,12,29
7,30/10/2019 13:00,31/10/2019 02:00,Very Quiet,12,29
7,31/10/2019 13:00,01/11/2019 02:00,Very Quiet,15,29
7,01/11/2019 13:00,02/11/2019 02:00,Moderately Quiet,25,23
7,02/11/2019 13:00,03/11/2019 02:00,Moderately Quiet,43,26
7,03/11/2019 14:00,04/11/2019 02:00,Moderately Busy,50,24
7,04/11/2019 14:00,05/11/2019 02:00,Moderately Busy,62,26
7,05/11/2019 14:00,06/11/2019 02:00,Moderately Quiet,31,28
7,06/11/2019 14:00,07/11/2019 02:00,Moderately Quiet,35,26
7,07/11/2019 14:00,08/11/2019 02:00,Moderately Busy,50,28
7,08/11/2019 14:00,09/11/2019 02:00,Moderately Busy,58,24
7,09/11/2019 14:00,10/11/2019 02:00,Moderately Busy,71,21
7,10/11/2019 14:00,11/11/2019 02:00,Very Busy,84,23
7,11/11/2019 14:00,12/11/2019 02:00,Very Busy,77,25
7,12/11/2019 14:00,13/11/2019 02:00,Moderately Busy,56,26
7,13/11/2019 14:00,14/11/2019 02:00,Moderately Quiet,35,18
7,14/11/2019 14:00,15/11/2019 02:00,Moderately Quiet,49,24
7,15/11/2019 14:00,16/11/2019 02:00,Moderately Quiet,42,20
7,16/11/2019 14:00,17/11/2019 02:00,Moderately Busy,61,14
7,17/11/2019 14:00,18/11/2019 02:00,Moderately Busy,70,12
7,18/11/2019 14:00,19/11/2019 02:00,Moderately Quiet,44,19
7,19/11/2019 14:00,20/11/2019 02:00,Moderately Quiet,37,18
7,20/11/2019 14:00,21/11/2019 02:00,Very Quiet,22,20
7,21/11/2019 14:00,22/11/2019 02:00,Moderately Quiet,31,22
7,22/11/2019 14:00,23/11/2019 02:00,Moderately Quiet,36,23
7,23/11/2019 14:00,24/11/2019 02:00,Moderately Busy,58,23
7,24/11/2019 13:00,25/11/2019 03:00,Very Busy,89,18
7,25/11/2019 13:00,26/11/2019 03:00,Very Busy,87,15
7,26/11/2019 13:00,27/11/2019 03:00,Very Busy,88,18
7,27/11/2019 13:00,28/11/2019 03:00,Very Busy,83,21
7,28/11/2019 13:00,29/11/2019 03:00,Moderately Busy,72,23
7,29/11/2019 13:00,30/11/2019 03:00,Very Busy,75,22
7,30/11/2019 13:00,01/12/2019 03:00,Moderately Busy,64,23
7,01/12/2019 13:00,02/12/2019 03:00,Moderately Quiet,31,24
7,02/12/2019 14:00,03/12/2019 02:00,Very Busy,78,15
7,03/12/2019 14:00,04/12/2019 02:00,Moderately Quiet,49,12
7,04/12/2019 14:00,05/12/2019 02:00,Very Quiet,20,15
7,05/12/2019 13:00,06/12/2019 03:00,Moderately Quiet,42,16
7,06/12/2019 14:00,07/12/2019 02:00,Moderately Quiet,49,20
7,07/12/2019 14:00,08/12/2019 02:00,Moderately Quiet,27,21
7,08/12/2019 14:00,09/12/2019 02:00,Moderately Quiet,31,23
7,09/12/2019 14:00,10/12/2019 02:00,Moderately Quiet,37,24
7,10/12/2019 14:00,11/12/2019 02:00,Moderately Quiet,33,26
7,11/12/2019 14:00,12/12/2019 02:00,Very Quiet,18,21
7,12/12/2019 14:00,13/12/2019 02:00,Moderately Quiet,32,22
7,13/12/2019 14:00,14/12/2019 02:00,Moderately Quiet,37,22
7,14/12/2019 14:00,15/12/2019 02:00,Moderately Quiet,33,20
7,15/12/2019 14:00,16/12/2019 02:00,Moderately Busy,66,20
7,16/12/2019 14:00,17/12/2019 02:00,Moderately Quiet,45,25
7,17/12/2019 14:00,18/12/2019 02:00,Moderately Quiet,32,25
7,18/12/2019 14:00,19/12/2019 02:00,Moderately Quiet,33,12
7,19/12/2019 14:00,20/12/2019 02:00,Moderately Quiet,36,17
7,20/12/2019 14:00,21/12/2019 03:00,Moderately Quiet,49,20
7,21/12/2019 14:00,22/12/2019 03:00,Moderately Quiet,27,21
7,22/12/2019 14:00,23/12/2019 03:00,Moderately Busy,55,21
7,23/12/2019 14:00,24/12/2019 03:00,Very Busy,84,18
7,24/12/2019 14:00,25/12/2019 03:00,Very Busy,86,16
7,25/12/2019 14:00,26/12/2019 03:00,Moderately Busy,56,23
7,26/12/2019 14:00,27/12/2019 03:00,Very Busy,84,23
7,27/12/2019 14:00,28/12/2019 03:00,Very Busy,91,22
7,28/12/2019 14:00,29/12/2019 03:00,Very Busy,88,23
7,29/12/2019 14:00,30/12/2019 03:00,Very Busy,94,24
7,30/12/2019 14:00,31/12/2019 03:00,Very Busy,95,24
7,31/12/2019 14:00,01/01/2020 05:00,Very Busy,83,16
19,01/01/2019 09:00,01/01/2019 18:00,Moderately Busy,55,14
19,02/01/2019 09:00,02/01/2019 18:00,Moderately Busy,61,12
19,03/01/2019 09:00,03/01/2019 18:00,Moderately Quiet,43,10
19,04/01/2019 09:00,04/01/2019 18:00,Moderately Quiet,36,10
19,05/01/2019 09:00,05/01/2019 18:00,Very Busy,81,12
19,06/01/2019 09:00,06/01/2019 18:00,Very Quiet,18,15
19,06/04/2019 08:00,06/04/2019 18:00,Very Busy,82,15
19,07/04/2019 08:00,07/04/2019 17:00,Very Quiet,20,17
19,08/04/2019 08:00,08/04/2019 17:00,Moderately Quiet,37,18
19,09/04/2019 08:00,09/04/2019 17:00,Moderately Busy,67,18
19,10/04/2019 08:00,10/04/2019 17:00,Moderately Busy,65,18
19,11/04/2019 08:00,11/04/2019 17:00,Moderately Quiet,42,19
19,12/04/2019 08:00,12/04/2019 17:00,Moderately Quiet,39,19
19,13/04/2019 08:00,13/04/2019 18:00,Very Busy,86,18
19,14/04/2019 08:00,14/04/2019 17:00,Moderately Quiet,27,16
19,15/04/2019 08:00,15/04/2019 17:00,Moderately Busy,51,15
19,16/04/2019 08:00,16/04/2019 17:00,Moderately Busy,64,17
19,17/04/2019 08:00,17/04/2019 17:00,Moderately Busy,69,16
19,18/04/2019 08:00,18/04/2019 18:00,Moderately Quiet,44,18
19,19/04/2019 08:00,19/04/2019 18:00,Moderately Quiet,49,20
19,20/04/2019 08:00,20/04/2019 18:00,Moderately Busy,56,18
19,21/04/2019 08:00,21/04/2019 18:00,Moderately Quiet,35,17
19,22/04/2019 08:00,22/04/2019 18:00,Moderately Busy,68,16
19,23/04/2019 08:00,23/04/2019 17:00,Moderately Busy,67,17
19,24/04/2019 08:00,24/04/2019 17:00,Moderately Busy,72,16
19,25/04/2019 08:00,25/04/2019 17:00,Moderately Busy,62,18
19,26/04/2019 08:00,26/04/2019 17:00,Moderately Busy,50,21
19,27/04/2019 08:00,27/04/2019 18:00,Moderately Busy,68,19
19,28/04/2019 08:00,28/04/2019 17:00,Very Quiet,24,17
19,29/04/2019 08:00,29/04/2019 17:00,Moderately Busy,57,17
19,30/04/2019 08:00,30/04/2019 17:00,Moderately Quiet,48,18
19,01/05/2019 08:00,01/05/2019 17:00,Moderately Busy,60,18
19,02/05/2019 08:00,02/05/2019 17:00,Moderately Quiet,48,19
19,03/05/2019 08:00,03/05/2019 17:00,Moderately Quiet,41,13
19,04/05/2019 08:00,04/05/2019 18:00,Very Busy,81,19
19,05/05/2019 08:00,05/05/2019 18:00,Moderately Quiet,27,19
19,06/05/2019 08:00,06/05/2019 17:00,Moderately Quiet,34,17
19,07/05/2019 08:00,07/05/2019 17:00,Moderately Busy,50,16
19,08/05/2019 08:00,08/05/2019 17:00,Moderately Busy,58,18
19,09/05/2019 08:00,09/05/2019 17:00,Moderately Quiet,42,21
19,10/05/2019 08:00,10/05/2019 17:00,Moderately Quiet,40,22
19,11/05/2019 08:00,11/05/2019 18:00,Very Busy,85,20
19,12/05/2019 08:00,12/05/2019 18:00,Moderately Busy,56,22
19,13/05/2019 08:00,13/05/2019 17:00,Very Busy,78,19
19,14/05/2019 08:00,14/05/2019 17:00,Moderately Busy,67,20
19,15/05/2019 08:00,15/05/2019 17:00,Moderately Busy,69,18
19,16/05/2019 08:00,16/05/2019 17:00,Moderately Busy,58,17
19,17/05/2019 08:00,17/05/2019 17:00,Moderately Quiet,45,17
19,18/05/2019 08:00,18/05/2019 18:00,Moderately Quiet,36,19
19,19/05/2019 08:00,19/05/2019 18:00,Moderately Quiet,32,18
19,20/05/2019 08:00,20/05/2019 17:00,Moderately Quiet,31,21
19,21/05/2019 08:00,21/05/2019 17:00,Moderately Busy,68,20
19,22/05/2019 08:00,22/05/2019 17:00,Moderately Busy,74,21
19,23/05/2019 08:00,23/05/2019 17:00,Moderately Busy,61,20
19,24/05/2019 08:00,24/05/2019 17:00,Moderately Quiet,48,17
19,25/05/2019 08:00,25/05/2019 18:00,Moderately Busy,68,22
19,26/05/2019 08:00,26/05/2019 18:00,Moderately Quiet,33,23
19,27/05/2019 08:00,27/05/2019 17:00,Moderately Quiet,41,23
19,28/05/2019 08:00,28/05/2019 17:00,Moderately Busy,63,23
19,29/05/2019 08:00,29/05/2019 17:00,Moderately Busy,73,22
19,30/05/2019 08:00,30/05/2019 17:00,Moderately Busy,56,21
19,31/05/2019 08:00,31/05/2019 18:00,Moderately Quiet,45,23
19,01/06/2019 08:00,01/06/2019 18:00,Very Busy,84,23
19,02/06/2019 08:00,02/06/2019 18:00,Moderately Quiet,28,23
19,03/06/2019 08:00,03/06/2019 17:00,Moderately Quiet,37,23
19,04/06/2019 08:00,04/06/2019 17:00,Moderately Quiet,47,22
19,05/06/2019 08:00,05/06/2019 17:00,Moderately Busy,54,22
19,06/06/2019 08:00,06/06/2019 17:00,Moderately Quiet,36,21
19,07/06/2019 08:00,07/06/2019 17:00,Moderately Quiet,35,25
19,08/06/2019 08:00,08/06/2019 18:00,Very Busy,84,22
19,09/06/2019 08:00,09/06/2019 18:00,Moderately Quiet,35,23
19,10/06/2019 08:00,10/06/2019 17:00,Moderately Busy,52,26
19,11/06/2019 08:00,11/06/2019 17:00,Moderately Busy,66,16
19,12/06/2019 08:00,12/06/2019 17:00,Moderately Busy,65,20
19,13/06/2019 08:00,13/06/2019 17:00,Moderately Busy,57,20
19,14/06/2019 08:00,14/06/2019 17:00,Moderately Quiet,48,23
19,15/06/2019 08:00,15/06/2019 18:00,Very Busy,85,24
19,16/06/2019 08:00,16/06/2019 18:00,Moderately Quiet,33,23
19,17/06/2019 08:00,17/06/2019 18:00,Moderately Busy,65,24
19,18/06/2019 08:00,18/06/2019 18:00,Moderately Busy,66,24
19,19/06/2019 08:00,19/06/2019 18:00,Moderately Busy,72,24
19,20/06/2019 08:00,20/06/2019 18:00,Moderately Quiet,45,24
19,21/06/2019 08:00,21/06/2019 18:00,Moderately Busy,53,25
19,22/06/2019 08:00,22/06/2019 22:00,Moderately Quiet,38,24
19,23/06/2019 08:00,23/06/2019 22:00,Very Quiet,24,25
19,24/06/2019 08:00,24/06/2019 22:00,Very Quiet,22,26
19,25/06/2019 08:00,25/06/2019 22:00,Very Busy,87,24
19,26/06/2019 08:00,26/06/2019 22:00,Very Busy,81,29
19,27/06/2019 08:00,27/06/2019 22:00,Very Busy,79,29
19,28/06/2019 08:00,28/06/2019 22:00,Very Quiet,19,29
19,29/06/2019 08:00,30/06/2019 00:00,Very Busy,80,28
19,30/06/2019 08:00,30/06/2019 22:00,Moderately Quiet,26,26
19,01/07/2019 08:00,01/07/2019 22:00,Moderately Quiet,37,26
19,02/07/2019 08:00,02/07/2019 22:00,Very Busy,75,27
19,03/07/2019 08:00,03/07/2019 22:00,Very Busy,76,29
19,04/07/2019 08:00,04/07/2019 22:00,Moderately Quiet,37,28
19,05/07/2019 08:00,05/07/2019 22:00,Very Quiet,23,29
19,06/07/2019 08:00,06/07/2019 22:00,Moderately Quiet,26,28
19,07/07/2019 08:00,07/07/2019 22:00,Very Quiet,22,28
19,08/07/2019 08:00,08/07/2019 22:00,Moderately Quiet,34,26
19,09/07/2019 08:00,09/07/2019 22:00,Moderately Busy,71,29
19,10/07/2019 08:00,10/07/2019 22:00,Very Busy,78,28
19,11/07/2019 08:00,11/07/2019 22:00,Moderately Busy,71,28
19,12/07/2019 08:00,12/07/2019 22:00,Very Quiet,24,27
19,13/07/2019 08:00,13/07/2019 22:00,Moderately Quiet,43,28
19,14/07/2019 08:00,14/07/2019 22:00,Moderately Quiet,29,27
19,15/07/2019 08:00,15/07/2019 22:00,Very Busy,75,28
19,16/07/2019 08:00,16/07/2019 22:00,Moderately Busy,68,28
19,17/07/2019 08:00,17/07/2019 22:00,Very Busy,87,27
19,18/07/2019 08:00,18/07/2019 22:00,Very Busy,78,28
19,19/07/2019 08:00,19/07/2019 22:00,Moderately Quiet,25,27
19,20/07/2019 08:00,21/07/2019 00:00,Very Busy,79,28
19,21/07/2019 08:00,21/07/2019 22:00,Moderately Quiet,28,28
19,22/07/2019 08:00,22/07/2019 22:00,Very Busy,78,30
19,23/07/2019 08:00,23/07/2019 22:00,Very Busy,82,30
19,24/07/2019 08:00,24/07/2019 22:00,Moderately Busy,73,29
19,25/07/2019 08:00,25/07/2019 22:00,Moderately Busy,73,29
19,26/07/2019 08:00,26/07/2019 22:00,Moderately Quiet,34,28
19,27/07/2019 08:00,27/07/2019 22:00,Moderately Quiet,40,28
19,28/07/2019 08:00,28/07/2019 22:00,Moderately Quiet,29,27
19,29/07/2019 08:00,29/07/2019 22:00,Very Busy,83,27
19,30/07/2019 08:00,30/07/2019 22:00,Moderately Quiet,49,29
19,31/07/2019 08:00,31/07/2019 22:00,Moderately Busy,73,25
19,01/08/2019 08:00,01/08/2019 22:00,Very Busy,80,27
19,02/08/2019 08:00,02/08/2019 22:00,Moderately Quiet,30,29
19,03/08/2019 08:00,03/08/2019 22:00,Moderately Quiet,30,28
19,04/08/2019 08:00,04/08/2019 22:00,Moderately Quiet,41,28
19,05/08/2019 08:00,05/08/2019 22:00,Very Busy,88,29
19,06/08/2019 08:00,06/08/2019 22:00,Very Busy,90,28
19,07/08/2019 08:00,07/08/2019 22:00,Very Busy,97,28
19,08/08/2019 08:00,08/08/2019 22:00,Very Busy,92,29
19,09/08/2019 08:00,09/08/2019 22:00,Moderately Quiet,31,30
19,10/08/2019 08:00,11/08/2019 00:00,Very Busy,91,28
19,11/08/2019 08:00,11/08/2019 22:00,Very Busy,84,29
19,12/08/2019 08:00,12/08/2019 22:00,Very Busy,97,27
19,13/08/2019 08:00,13/08/2019 22:00,Very Busy,98,25
19,14/08/2019 08:00,14/08/2019 22:00,Very Busy,94,26
19,15/08/2019 08:00,15/08/2019 22:00,Very Busy,90,28
19,16/08/2019 08:00,16/08/2019 22:00,Very Busy,86,28
19,17/08/2019 08:00,17/08/2019 22:00,Moderately Quiet,47,28
19,18/08/2019 08:00,18/08/2019 22:00,Moderately Busy,74,28
19,19/08/2019 08:00,19/08/2019 22:00,Very Busy,95,26
19,20/08/2019 08:00,20/08/2019 22:00,Very Busy,80,24
19,21/08/2019 08:00,21/08/2019 22:00,Very Busy,98,26
19,22/08/2019 08:00,22/08/2019 22:00,Very Busy,96,27
19,23/08/2019 08:00,23/08/2019 22:00,Very Busy,75,27
19,24/08/2019 08:00,25/08/2019 00:00,Very Busy,85,27
19,25/08/2019 08:00,25/08/2019 22:00,Moderately Busy,59,27
19,26/08/2019 08:00,26/08/2019 22:00,Very Busy,95,27
19,27/08/2019 08:00,27/08/2019 22:00,Very Busy,86,23
19,28/08/2019 08:00,28/08/2019 22:00,Very Busy,93,26
19,29/08/2019 08:00,29/08/2019 22:00,Very Busy,91,27
19,30/08/2019 08:00,30/08/2019 22:00,Moderately Busy,61,28
19,31/08/2019 08:00,31/08/2019 22:00,Moderately Quiet,38,28
19,01/09/2019 08:00,01/09/2019 22:00,Moderately Quiet,35,27
19,02/09/2019 08:00,02/09/2019 22:00,Moderately Quiet,46,26
19,03/09/2019 08:00,03/09/2019 22:00,Very Busy,87,25
19,04/09/2019 08:00,04/09/2019 22:00,Very Busy,83,26
19,05/09/2019 08:00,05/09/2019 22:00,Very Busy,83,26
19,06/09/2019 08:00,06/09/2019 22:00,Moderately Quiet,26,24
19,07/09/2019 08:00,07/09/2019 22:00,Very Busy,88,23
19,08/09/2019 08:00,08/09/2019 18:00,Moderately Busy,68,25
19,09/09/2019 08:00,09/09/2019 18:00,Very Busy,89,24
19,10/09/2019 08:00,10/09/2019 18:00,Moderately Quiet,34,19
19,11/09/2019 08:00,11/09/2019 18:00,Moderately Quiet,34,24
19,12/09/2019 08:00,12/09/2019 18:00,Very Quiet,14,26
19,13/09/2019 08:00,13/09/2019 18:00,Moderately Quiet,41,25
19,14/09/2019 08:00,14/09/2019 18:00,Very Busy,91,26
19,15/09/2019 08:00,15/09/2019 18:00,Very Busy,75,27
19,16/09/2019 08:00,16/09/2019 17:00,Very Quiet,14,27
19,17/09/2019 08:00,17/09/2019 17:00,Very Quiet,11,26
19,18/09/2019 08:00,18/09/2019 17:00,Very Quiet,0,28
19,19/09/2019 08:00,19/09/2019 17:00,Very Quiet,11,26
19,20/09/2019 08:00,20/09/2019 17:00,Very Quiet,3,24
19,21/09/2019 08:00,21/09/2019 21:00,Very Quiet,20,23
19,22/09/2019 08:00,22/09/2019 17:00,Moderately Quiet,28,25
19,23/09/2019 08:00,23/09/2019 17:00,Very Quiet,20,23
19,24/09/2019 08:00,24/09/2019 17:00,Moderately Quiet,29,27
19,25/09/2019 08:00,25/09/2019 17:00,Moderately Quiet,25,24
19,26/09/2019 08:00,26/09/2019 17:00,Very Quiet,8,25
19,27/09/2019 08:00,27/09/2019 17:00,Very Quiet,9,26
19,28/09/2019 08:00,28/09/2019 21:00,Very Busy,89,23
19,29/09/2019 08:00,29/09/2019 17:00,Moderately Busy,66,24
19,30/09/2019 08:00,30/09/2019 17:00,Very Quiet,16,25
19,01/10/2019 08:00,01/10/2019 17:00,Very Quiet,7,24
19,02/10/2019 08:00,02/10/2019 17:00,Very Quiet,0,26
19,03/10/2019 08:00,03/10/2019 17:00,Very Quiet,5,24
19,04/10/2019 08:00,04/10/2019 17:00,Very Quiet,3,23
19,05/10/2019 08:00,05/10/2019 21:00,Very Busy,99,23
19,06/10/2019 08:00,06/10/2019 17:00,Moderately Busy,69,25
19,07/10/2019 08:00,07/10/2019 17:00,Very Quiet,9,24
19,08/10/2019 08:00,08/10/2019 17:00,Very Quiet,3,24
19,09/10/2019 08:00,09/10/2019 17:00,Very Quiet,16,24
19,10/10/2019 08:00,10/10/2019 17:00,Very Quiet,8,20
19,11/10/2019 08:00,11/10/2019 17:00,Very Quiet,17,23
19,12/10/2019 08:00,12/10/2019 23:00,Very Busy,98,23
19,13/10/2019 08:00,13/10/2019 17:00,Moderately Quiet,45,24
19,14/10/2019 08:00,14/10/2019 17:00,Very Quiet,7,23
19,15/10/2019 08:00,15/10/2019 17:00,Very Quiet,1,21
19,16/10/2019 08:00,16/10/2019 17:00,Very Quiet,0,22
19,17/10/2019 08:00,17/10/2019 17:00,Very Quiet,0,23
19,18/10/2019 08:00,18/10/2019 17:00,Very Quiet,16,22
19,19/10/2019 08:00,19/10/2019 21:00,Very Busy,92,22
19,20/10/2019 08:00,20/10/2019 17:00,Very Busy,83,20
19,21/10/2019 08:00,21/10/2019 17:00,Moderately Quiet,45,18
19,22/10/2019 08:00,22/10/2019 17:00,Moderately Quiet,39,17
19,23/10/2019 08:00,23/10/2019 17:00,Moderately Quiet,25,18
19,24/10/2019 08:00,24/10/2019 17:00,Moderately Quiet,38,19
19,25/10/2019 08:00,25/10/2019 17:00,Moderately Quiet,38,20
19,26/10/2019 08:00,26/10/2019 21:00,Very Busy,97,19
19,27/10/2019 09:00,27/10/2019 18:00,Very Busy,94,20
19,28/10/2019 09:00,28/10/2019 18:00,Very Busy,90,19
19,29/10/2019 09:00,29/10/2019 18:00,Moderately Busy,70,20
19,30/10/2019 09:00,30/10/2019 18:00,Very Busy,85,23
19,31/10/2019 09:00,01/11/2019 00:00,Very Busy,92,20
19,01/11/2019 09:00,01/11/2019 22:00,Very Busy,99,19
19,02/11/2019 09:00,02/11/2019 22:00,Very Busy,100,21
19,03/11/2019 09:00,03/11/2019 18:00,Very Busy,96,19
19,09/11/2019 09:00,09/11/2019 18:00,Very Busy,99,16
19,10/11/2019 09:00,10/11/2019 18:00,Very Busy,97,13
19,16/11/2019 09:00,16/11/2019 18:00,Very Busy,98,11
19,17/11/2019 09:00,17/11/2019 18:00,Very Busy,87,13
19,23/11/2019 09:00,23/11/2019 18:00,Moderately Busy,71,15
19,24/11/2019 09:00,24/11/2019 18:00,Moderately Quiet,27,15
19,30/11/2019 09:00,30/11/2019 18:00,Moderately Quiet,40,15
19,01/12/2019 09:00,01/12/2019 18:00,Very Quiet,24,15
19,06/12/2019 09:00,06/12/2019 18:00,Moderately Busy,74,14
19,07/12/2019 09:00,07/12/2019 18:00,Very Busy,86,14
19,08/12/2019 09:00,08/12/2019 18:00,Moderately Quiet,43,14
19,14/12/2019 09:00,14/12/2019 18:00,Moderately Quiet,46,16
19,15/12/2019 09:00,15/12/2019 18:00,Moderately Busy,64,15
19,21/12/2019 09:00,21/12/2019 18:00,Moderately Quiet,30,16
19,22/12/2019 09:00,22/12/2019 18:00,Very Busy,84,17
19,23/12/2019 09:00,23/12/2019 18:00,Very Busy,97,15
19,24/12/2019 09:00,24/12/2019 18:00,Very Quiet,22,16
19,25/12/2019 09:00,25/12/2019 18:00,Very Quiet,13,15
19,26/12/2019 09:00,26/12/2019 18:00,Very Busy,79,15
19,27/12/2019 09:00,27/12/2019 18:00,Very Busy,92,12
19,28/12/2019 09:00,28/12/2019 18:00,Very Busy,95,12
19,29/12/2019 09:00,29/12/2019 18:00,Very Busy,94,11
19,30/12/2019 09:00,30/12/2019 18:00,Very Busy,96,11
19,31/12/2019 09:00,31/12/2019 18:00,Moderately Busy,59,11
